No	区分	主な出典	著作者	タイトル	所在	説明	状況	ポケモンGO	歴史	神社仏閣	記念碑	鉄道	戦跡	アート	名勝・景勝	建造物		写真1Id	写真1_共有Id	写真2Id	写真2_共有Id	写真3Id	写真3_共有Id	写真X	写真X_共有Id	伝統	クールジャパン	夜景	富士山		説明写真Id	緯度（WGS84）	経度（WGS84）	指定又は登録年度（和暦）	指定又は登録年度（西暦）	区分	分類1	分類2
2	1	ちばレポ	きじねこさん	千葉工業学校創立の碑	千葉市中央区長洲1丁目34	今は中央区今井町にある千葉工業学校の創立の碑	分類・石碑 分野・歴史 今はなき千葉工業学校の創立の碑です。歴史を感じます。 撮影年月・2016.9				1							0002_01_201609	0B1lo0bTHuRaceHkyXzU3dWd6MGc													35.60239463	140.118904
3	1	ちばレポ	nob	上赤塚貝塚	千葉市緑区おゆみ野中央1丁目13	"　上赤塚貝塚は、約4,000年前の縄文時代後期堀之内式期の集落跡です。遺跡は直径約80mの環状貝塚を中心に構成されており、貝種はハマグリやイボキサゴ等の海水産種が主体となっています。貝層下の包含層からは対象の堀之内土器が出土しましたが、公園部分からは住居は検出されておらず、居住域は台地南側にかたよっていたと考えられます。また、貝塚の南側には約1,500年前に造られた古墳が6基残っています。台地の南西端にあった最も大きな円墳からは、彫刻文のある石の枕や大刀など多くの副葬品が出土しました。
（出典：現地看板）"	ここにも貝塚があった！ 撮影年月：2016年9月 分類：史跡(貝塚) 分野：歴史 その他：おゆみ野ふれあい公園として保全されています		1									0003_01_201609	0B1lo0bTHuRacc1hXTUtZSENuZ0k												0003_x1_201609	35.55995323	140.1593981
4	1	ちばレポ	reporepotry	椎名崎古墳群（C支群）	千葉市緑区おゆみ野南3丁目20	"椎名崎古墳群Ｃ支群は、主に古墳時代中期および後期の遺跡で、約40基の古墳がみられ、大半は古墳時代後期の古墳です。古墳の墳形は前方後円墳、円墳、方墳とバラエティに富み、円墳が最も多くみられます。『古墳の丘』に保存された7基の古墳も、前方後円墳4基、円墳1基、方墳2基とさまざまです。雑木林の中なので当時の古墳の形を直接見ることはできませんが、地図と照らし合わせると位置と所在がわかると思います。この案内板の前の園路は、古墳の上を通っています。園路で遺跡を壊さないように、古墳の上に土を盛ってつくりました。
平成14年3月 千葉市教育委員会
（出典：現地看板）"	撮影年月:2016年9月 分類:史跡（古墳） 分野:歴史 その他:おゆみ野南公園として市民の憩いの場となっています		1									0004_01_201609	0B1lo0bTHuRacLUpiaklqLUNMckE	0004_02_201609	0B1lo0bTHuRacYU5vWExrTFNvUU0										0004_x1_201609	35.54639941	140.16891
5	1	ちばレポ	まーさん	過去と未来をつなくタイムトンネル	千葉市中央区弁天3丁目1	"千葉市
「過去と未来をつなぐタイムトンネル」
庭を覆っている鉄のモニュメントは、巨大や縄文土器を連想させるとともに、自然と調和した文化を1万年ものあいだ育んできた縄文人の英知を現代に蘇らせ、21世紀に向けて、千葉市を緑と水辺の都市へとみちびく“タイムトンネル”をイメージしています。
中央の土器は、世界的に有名な加曽利貝塚から出土した縄文土器をモデルとして、約5倍の大きさに拡大し、縄文時代とほぼ同じ方法でつくったものです。
（出典　モニュメント銘文）

このモニュメントは、平成2年（1990年）4月1日より9月30日まで、大阪市鶴見緑地で開催された“国際花と緑の博覧会”に千葉市が、出展した「千葉市ふるさとの庭」に展示したもので、ここ千葉公園に移設し、後世に伝え残すものです。
平成3年12月
千葉市
（出典：現地表示板）
"	撮影年月:2016年9月 分類:ポケストップ、モニュメント 分野:ガーデン 1990年の国際花と緑の博覧会(大阪市開催)に千葉市が出展した「千葉市故郷の庭」	1			1							0005_01_201609	0B1lo0bTHuRacVUQxNHU3NkJjdGM	0005_02_201609	0B1lo0bTHuRacTkYwbl9vMmNUVlE										0005_x1_201609	35.61997083	140.115072
6	1	ちばレポ	まーさん	C型タンク飽和水蒸気機関車	千葉市中央区弁天3丁目1	"この蒸気機関車は、C型タンク飽和蒸気機関車といいます。神戸市の川崎車輌（現　川崎重工業）で製造され、昭和36年10月から昭和44年4月まで川崎製鉄千葉製鉄所（現JFEスチール）において資材や原材料の運搬に使用されました。
やがてディーゼル機関発達に伴い、蒸気機関車は使用されなくなり、千葉市に寄贈されたものです。
（出典：現地看板）"	撮影年月：2016年9月 分類：ポケストップ、鉄道 分野：産業遺産 川崎製鉄千葉製鉄所で使用されていた蒸気機関車。同型の機関車が、菰池公園(中央区宮崎町)と稲岸公園(美浜区稲毛海岸)にも展示されています。	1	1			1						0006_01_201609	0B1lo0bTHuRacakotNTJEd05aRjQ												0006_x1_201609	35.62036656	140.1145745
7	1	ちばレポ	まーさん	平和の礎	千葉市稲毛区天台1丁目1	陸軍歩兵学校之跡	撮影年月：2016年8月 分類：ポケストップ、石碑、戦跡 分野：歴史 大正元年(1912年)にこの地に移転した陸軍歩兵学校跡を示す石碑	1			1		1					0007_01_201608	0B1lo0bTHuRacVkk2S0k2dUFVcjA	0007_02_201608	0B1lo0bTHuRacVmRWaWt3YzlFQVU										0007_x1_201608	35.63027128	140.1143143
8	8	オープン！ちば	福谷	不鳴（なかず）の池	千葉市中央区大巌寺町	"不鳴（なかず）の池
戦国時代の末期、当寺を開かれた道誉上人は、浄土宗「道誉流」の学派を形成する当代随一に高僧でした。その高徳を慕って修学に入山する僧は跡をたたず、山内の学寮には常に百名を超える学僧たちが勉学修行していた。ところが、この池には夏になるとどこからともなく無数の蛙が集まってきて夜通し鳴き続け、学僧の勉学を妨げたのである。
そこで、ある日上人は池の畔に立たれて、一心に念仏を唱え、人に向かって諭すように慈愛を込めて蛙の鳴き声を戒められた。すると不思議にもその鳴き声はピタリと止み、以来学僧の修学時間になると鳴き声は静まった。こうして誰いうとなく、この池を「不鳴の池」と呼ぶようになった。このたび、往昔の美しい景観を蘇らせたく、いささか意を用いました。
（出典：現地看板）
"	千葉市の散歩道 大願寺・生実の城址コースのスタート地点、大願寺の山門前にある池です。		1						1			0008_01_201609	0B1lo0bTHuRacNzBsb2RSMk1xcFE												0008_x1_201609	35.57322178	140.1464275
9	1	ちばレポ	ホワイティ	さや堂ホール（旧川崎銀行千葉支店本館）	千葉市中央区中央3丁目10	"この建物は、昭和2年川崎銀行千葉市店として建てられました。前面に柱を並べた独特の建築様式はネオ・ルネッサンス等式と呼ばれるもので、市内に現存する数少ない近代建築物の一つです。中央区役所と美術館の複合施設がこの地に建設されることになり、一時は取り壊しや移築等も検討されましたが、旧建物の一部を保存・修復し、それを新しい建物の表情として生かすという、現在のような形で残されることとなりました。
川崎銀行は、川崎財閥の中心として明治7年実業家であった川崎八右衛門が川崎組として発足したのを始まりとし、大正8年には株式会社となっています。その後第百銀行などと合併を繰り返しますが、戦時中に三菱銀行と合併し、この時点で川崎銀行の名は消滅しています。
川崎銀行千葉市店は、明治7年にすでに現在地である千葉市中央区中央3丁目10-8（旧・本町2丁目13）に建てられていましたが、当初どのような建物であったかは分かっていません。その後、明治11年に土蔵造りの重厚な建物が建てられましたが、大正12年の関東大震災にあって焼失し、昭和2年に建て替えられたものが現在の鉄筋コンクリート2階建ての建物です。昭和20年6月10日および7月6日に千葉は空襲に遭い、辺り一面焼け野原と化しましたが、幸いにもこの建物は内部にまで火が入った形跡はなく、外側もさほど被害を被っていないようです。
戦後一時期千代田銀行千葉市店と称していましたが、昭和28年に三菱銀行千葉市店になりました。昭和46年6月には千葉市が買い取り中央地区市民センターとして平成2年4月まで用いられました。
現在千葉市美術館・中央区役所1階エントランスホールとして一部が修復・保存され、「さや堂ホール」として一般に公開されて、美術展覧会や小編成のコンサートなどが行われています。
（出典：現地説明文）
"	撮影:2016年9月 分類:史跡 分野:歴史 その他:昭和2年建築の旧川崎銀行千葉支店。美術館・中央区役所との複合施設として千葉市指定有形文化財に指定。		1							1		0009_01_201609	0B1lo0bTHuRacVy1kUkFTT2FhN00					0009_01_201609	0B1lo0bTHuRacVy1kUkFTT2FhN00	1					0009_X2_201609	35.60893198	140.1246649	平成7年	1995	市指定	有形文化財	建造物
10	1	ちばレポ	ホワイティ	蓮池碑	千葉市中央区中央3丁目15		撮影年月:2016年9月 分類:史跡 分野:歴史 その他:徳田秋声の小説『縮図』の一節。「蓮池の埋立てだといふ蓮池の花街は、駅から二丁ばかり行った通りにあった。・・・」				1							0010_01_201609	0B1lo0bTHuRacLVRMcDFycW05QXc	0010_02_201609	0B1lo0bTHuRacekRGTFh4V0ROXzQ											35.60774351	140.1222295
11	1	ちばレポ	かおりん	みなと公園のモニュメント	千葉市中央区千葉港6		みなと公園入口にあるのモニュメントデス				1							0011_01_201609	0B1lo0bTHuRacNHBEcmhFWXgwS1E	0011_02_201609	0B1lo0bTHuRacUUtPMC0zZWZWYXM	0011_03_201503	0B1lo0bTHuRacOXQ0UjB3NVc3SkU									35.60637879	140.1059487
12	8	オープン！ちば	福谷	希望の朝	千葉市中央区新町	"希望の朝
すべてが始まる朝。やわらかな光に人はめざめ、夢に向かって歩み出す。瑞々しい心、みなぎる力、生きることの歓びに満ちている希望の朝。
国際都市として発展を続け、大いなる躍動感に溢れる千葉市。まさに明けゆく千葉を想うとき私の胸にわきおこる賛歌にも通ずる思いを、この作品にこめました。
1993年4月　圓鍔 勝三
（出典：現地銘板）"	ポケストップ 彫刻 アート	1						1				0012_01_201609	0B1lo0bTHuRacRG9IOHBuVUZNTDg												0012_X1_201609	35.6113232	140.1138583
15	1	ちばレポ	かおりん	君待橋の碑	千葉市中央区港町4	"◎君待橋
寒川長洲大橋の邊、縣道を横断する小やかなる溝渠に架け設けたる石橋を君待橋と稱ふ、昔し藤原實方卿陸奥國へ下向せんとて此處を過ぐるに際し一首の和歌を詠めり

寒川や袖師が浦に立つ烟
君をまつ橋身にそ知らるる

治承年間千葉常胤源頼朝を此處に迎ふ、頼朝橋名を問ひしに、常胤の子胤頼和歌を詠じて是れに答へき、其の歌に曰く

見へかくれ八重の潮路の待橋を
渡りもあへず歸る舟人

これより橋名漸く顕はれ、今尚ほその名を傅ふ

（出典：五十嵐重郎、『総水房山 : 房総名勝誌』、明33.4 （著作権切れ））"	撮影年月:20160518 分類:史跡 分野:歴史 その他:千葉氏ゆかりの場所		1		1							0015_01_201609	0B1lo0bTHuRacRjY5TktKUUNaM2M													35.60117323	140.1188446
16	1	ちばレポ	きじねこさん	雄飛	千葉市中央区中央1丁目12	"この彫像は、昭和40年4月17日千葉市の人口30万人突破記念として県より寄贈されたものです。
このたび中央公園の前面改修にともない移設し、題名を「雄飛」とするものです。
製作者　大須賀　力
題字　千葉市長　松井　旭
平成2年10月
（出典：現地銘板）
"	撮影年月・2016.9 分野・アート 分類・彫像 その他・千葉市人口30万人突破記念の碑 『雄飛』				1			1						0016_02_201609	0B1lo0bTHuRacSl8wc3k5a1hTVzg										0016_X1_201609	35.61039208	140.1203598
18	1	ちばレポ	nob	青春の像	千葉市緑区おゆみ野3丁目15	"青春
緑区役所開設記念
（緑区役所文化事業）
制作の意図
明るく　健康的な青年像により新生緑区の輝かしい未来を象徴しました。
制作者　西俊夫
平成4年4月吉日
（出典：現地碑文）"	撮影年月：2016年9月  分類：ポケストップ、モニュメント  分野：アート  その他：緑区役所開設記念。他の区役所にあるのかな？	1			1			1				0018_01_201609	0B1lo0bTHuRacdzBtbVU3ZFVVYzg												0018_X2_201609	35.56045334	140.175875
19	8	オープン！ちば	松島	穴川神社	千葉市稲毛区穴川3丁目6		撮影年月：2016年9月  分類：ポケストップ、歴史 分野：神社	1		1								0019_01_201609	0B1lo0bTHuRacU213cDRyQmc3QUE	0019_02_201609	0B1lo0bTHuRacV3U0WmJpSkxveHc	0019_03_201609	0B1lo0bTHuRacQnRybDdSX3pLYkE									35.63727906	140.1076866
21	8	オープン！ちば	松島	従軍軍馬慰霊碑	千葉市稲毛区穴川町	"日支事変　従軍軍馬遺霊碑
昭和12年9月12日"	撮影年月：2016年9月  分類：石碑  分野：歴史 日支事変に従軍した軍馬の慰霊碑。昭和12年に建立されたようです。 人参が供えられていました。		1		1		1					0021_01_201609	0B1lo0bTHuRacWDFXZVBlYl9nR1U	0021_02_201609	0B1lo0bTHuRacZkI4VG5nQWtmRWM	0021_03_201609	0B1lo0bTHuRacTUxXenByTGRwUDA									35.63875832	140.1064578
22	1	ちばレポ	まーさん	NUS7	千葉市美浜区稲毛海岸4丁目15	"NUS7
この蒸気機関車は、昭和28年4月から昭和43年5月まで川崎製鉄千葉製鉄所において資材原材料等の運搬に使用されておりました。
しかし、ディーゼル機関の発達にともない蒸気機関車は使われなくなり千葉市に寄贈され当公園に置かれたものです。
昭和52年9月　千葉市
（出典：現地看板）
"	撮影年月：2016年9月  分類：ポケストップ、鉄道  分野：産業遺産  川崎製鉄千葉製鉄所で使用されていた蒸気機関車。同型の機関車が、千葉公園（中央区弁天）と菰池公園(中央区宮崎町)にも展示されています。	1	1			1						0022_01_201609	0B1lo0bTHuRacMGFlc21saDVCN00	0022_02_201609	0B1lo0bTHuRacazlVMHFTN2w1dU0										0022_x1_201609	35.63459121	140.0774127
24	1	ちばレポ	neko	稲毛公園・黒松林（稲毛の松林）	千葉市稲毛区稲毛1丁目8	"　浅間神社創建以来、次第に形成されてきた松林で、かつてはすぐ近くまで波が打ち寄せた眼望絶景の地でした。現在、浅間神社境内を含めた丘上一帯が名勝地となっており、その一部が市の公園として市民に開放されています。
昭和35年市指定記念物　名勝（出典：千葉市教育委員会「市内文化財一覧」）

稲毛公園
21世紀を生きる黒松林を育てよう
この公園の黒松は、かつての海岸線の面影を残す貴重な緑です。
根の部分が砂の上をはった奇妙な格好をした黒松は、「根上がりの松｣と呼ばれ、砂丘が古くなり砂を失ったためこんな形になったものです。
このような黒松は、全国的も珍しく、1983年、稲毛の松林として「21世紀に引き継ぎたい日本の名松100選」に選ばれました。
この貴重な黒松林を守り育て、次世代に引き継ぐため、「みどりと水辺の基金｣を活用し、新世紀・市制施行80周年記念事業のひとつとして、当公園に隣接する町内自治会をはじめ、市民の皆様の参加により、松の苗木約200本を植栽しました。
なお、松の苗木（フジッコ松）につきましては、社団法人・日本の松の緑を守る会より寄贈されたものです。
2001年4月29日　千葉市
（出典：現地看板）

"	撮影年月：2016年9月  分類：歴史、日本の名松100選 分野：公園 かつての海岸線の面影を残す松林。海風で幹が斜めになり根元の根が露出した待つな「根上がりの松」と呼ばれています。 公民館側の遊具がある公園がポケストップになっています。	1							1			0024_01_201609	0B1lo0bTHuRacWFJiZjFRLVR3elU	0024_02_201609	0B1lo0bTHuRacbnhBbGhsNUhzVkE	0024_03_201509	0B1lo0bTHuRacWmtWWmRwdVZGNm8								0024_x1_201609	35.63589319	140.083969	昭和35年	1960	市指定	記念物	名勝
25	8	オープン！ちば	松島2	浅間神社の神楽	千葉市稲毛区稲毛1丁目15	"　この神楽は、安産・子育ての神として知られる稲毛浅間神社境内の神楽殿で奉納されるものである。毎年、元旦、節分、5月5日の春祭、7月15日の例大祭、11月3日の七五三祝い、11月23日の秋祭の年6回演じられる。この神楽にたずさわる者を神楽師とよび、昔から旧家の長男が継承してきた。現在は、これに限らず氏子達で組織する「稲毛浅間神社神楽連」によって伝承されている。
　神楽の構成は、神を招きおろし清める意味をもつ「巫女の舞」に始まり、以下は日本神話を題材とした「天岩戸の舞」「猿田彦の舞」「陣中安産の舞（三韓征伐の舞）」「五穀豊穣の舞」「鍛冶屋の舞」「翁の舞」「山神鬼退治の舞」「事代主命の舞」「大国主命の舞」「素戔鳴尊大蛇退治の舞」などを演じ、12番目に神を送る意味をもつ「御囃子の舞」を演じて終わる。いわゆる十二座神楽とよばれるものである。
　この神楽は永正元年（1504）九州方面から来た旅人が、当時の神主、大越蔵之助に伝授したのが始まりと伝えられている。ただし、今日のような十二座の演目が固定したのは18世紀前半と考えられている。
　すべて仮面を用い、せりふのない黙劇風に筋を運び、また能舞台を模した神楽殿で舞われる点などは、いわゆる江戸神楽の影響をよく受け入れているとされている。
昭和37年県指定民俗文化財 無形（出典：千葉市教育委員会「市内文化財一覧」）"	撮影年月：2016年9月  分類：文化財、神社 分野：歴史  千葉県の指定無形民俗文化財に指定されている神楽が演じられる神楽殿		1	1								0025_01_201609	0B1lo0bTHuRacWmtWWmRwdVZGNm8													35.63664537	140.0823349	昭和37年	1962	県指定	無形民俗文化財
26	8	オープン！ちば	松島2	稲毛浅間神社	千葉市稲毛区稲毛1丁目15	"浅間神社は、富士山を神と仰ぎ奉る信仰にはじまる。
大同3年（808年）平城天皇の御代、現在の静岡県富士宮市大宮に鎮座する富士山本宮浅間大社の御分霊を奉斎したのが起源とされている。
治承４年(1180年)には源頼朝が東六郎胤頼を使者として御幣物を捧げて武運長久を祈願したのをはじめ、千葉常胤以来、代々の千葉氏の信仰が篤かったことが古記録等により窺い知れる。
また、文治３年（1187年）の社殿再建に際しては、富士山の形に盛土をし、参道も富士登山道にならい三方に設け、社殿は東京湾を隔てて富士山と向かい合って建立された。
江戸時代には境内地は実に東西400間（約720m）、7町5反歩（22500坪）にも及んだが、明治維新に際して現在の社地（6400坪）を残し上地した。

昭和39年9月、原因不明の火災によって文治再建時のものと伝える旧社殿は焼失し、昭和41年、現在の社殿が建立された。
昭和61年、昭和天皇の御在位60年に際し奉祝の意を込めて、社殿前庭の拡張・擁壁工事を行い、翌62年竣工、さらに平成16年には社務所の改修工事を行ない神社のたたえる伝統と行くべき未来が融合した斬新なデザインの建物として新しく生まれ変わった。

境内の老松は千葉市指定天然記念物として千葉市の名所の一つであり、隣接の稲毛公園とともに海岸の面影を残し風光明媚な景観を呈している。
（出典：浅間神社ホームページ。http://www.inage-sengenjinja.or.jp/）"	撮影年月：2016年9月  分類：ポケモンGOジム、神社  分野：歴史  大同3年(808)富士山本宮浅間神社より分霊し奉祀された神社。子育ての神様として親しまれています。	1		1								0026_01_201609	0B1lo0bTHuRacdTc0d2RqYTdnOGs					0026_01_201609	0B1lo0bTHuRacdTc0d2RqYTdnOGs	1						35.63664929	140.0824387
27	1	ちばレポ	neko	愛新覚羅溥傑氏仮寓	千葉市稲毛区稲毛1丁目16	"千葉市ゆかりの家・いなげ
（愛新覚羅溥傑氏仮寓）
公開時間　午前9時～午後4時30分
休館日　　毎週月曜日・祝日・年末年始（ただし、月曜日が祝日の場合は、その日とその翌日も休刊いたします。）
（出典：現地看板）"	撮影年月：2016年9月  分類：建築 分野：歴史  清のラストエンペラーとして知られる愛新覚羅溥儀の弟の愛新覚羅溥傑氏が一時住んでいた家屋。現在は、千葉市ゆかりの家・いなげとして公開されています。		1									0027_01_201609	0B1lo0bTHuRacLVlBV20wRWhJYzg	0027_02_201609	0B1lo0bTHuRaca24zN2VWay0yUlk											35.63630007	140.0813958
28	8	オープン！ちば	松島2	民間航空発祥の地	千葉市美浜区稲毛海岸4丁目15	"1912年5月 奈良原三次氏この海岸に初めて練習飛行場を創設 教官白戸栄之助氏により飛行士の養成をはじめた
この血がわが民間航空発祥の地である
1981年7月
伊藤音次郎 記
（出典：現地銘板）
"	撮影年月：2016年9月  分類：民間航空、モニュメント 分野：歴史		1		1							0028_01_201609	0B1lo0bTHuRacQ1hpRHY1ZW9uR00	0028_02_201609	0B1lo0bTHuRacbVZ6LXZ1QktJeTg											35.63424198	140.0769758
29	1	ちばレポ	neko	キティ・ホークの丘の松	千葉市美浜区稲毛海岸4丁目15	"松の由来
この松は、昭和35年日本初飛行50周年を記念して、アメリカ・ノースカロナイナ州のホッジス知事から贈られた、キティ･ホークの丘（ライト兄弟が世界で初めて動力による飛行に成功した丘）の松の種を我が国、民間航空の草分けで、当地ともゆかりの深い故伊藤音次郎氏が、成田市の自宅で育てたものをこの地に植樹したものであります。
昭和46年6月
千葉市
（出典：現地看板）
"	撮影年月：2016年9月  分類：民間航空、記念樹  分野：歴史		1		1							0029_01_201609	0B1lo0bTHuRacMjl1SkpYSmJOdnM													35.63432046	140.0768503
30	8	オープン！ちば	松島2	礎	千葉市美浜区稲毛海岸4丁目15	"この碑は明治初期より貝類のり漁場として代々漁業を営み又関東一の汐干狩り海水浴場としてひろく親しまれた稲毛の海でしたが国土開発に協力し埋立てのため昭和44年6月解散した記念です。
千葉市稲毛町漁業協同組合
（出典：現地碑）"	撮影年月：2016年9月  分類：ポケストップ、石碑、海辺 分野：歴史	1			1							0030_01_201609	0B1lo0bTHuRacc2pBaDZNeUwtQVk	0030_02_201609	0B1lo0bTHuRacWXJxUklaVzBlc2M											35.63412034	140.0768165
31	8	オープン！ちば	松島2	浜辺の情景	千葉市美浜区磯辺2丁目8	"検見川の浜造成記念
浜辺の情景
昭和63年7月　　千葉県知事　沼田武

素足で砂浜に遊び水と戯れることは、私たちにとって、生き生きとした喜びを与えてくれるものです。千葉県では自然と身近に触れ合い、また海のリクリェーションを楽しむ場として、潤いあふれる浜辺の創出を進めております。
かつて遠浅で、汐干狩りや海水浴に広く人々に親しまれてきた検見川海岸は、いま、県民が自由に利用できる検見川の浜として再びよみがえりました。
この浜の造成を記念し、県民の癒しの場となることを願って、ここに「浜辺の情景」像を建設しました。
千葉県
（出典：現地銘板）"	撮影年月：2016年9月  分類：ポケストップ、モニュメント  分野：アート	1			1							0031_01_201609	0B1lo0bTHuRacWDNndlFxbWR3ZmM													35.62649965	140.0506488
32	1	ちばレポ	ホワイティ	吾妻橋	千葉市中央区中央4丁目10	"吾妻橋
明治6年、千葉町に県庁（現在の中央区市場町）が設置され、千葉町は千葉県の政治・経済の中心として、千葉駅や本千葉駅の開業とともに、市街地の整備が進みました。
明治25年、市場町から発生した火災は、本町・吾妻町までも延焼し、建物417戸を焼失する大火となりました。この火災を契機に、市街地の再整備が促進し、蓮池通りや新通町通り、お刈屋通りなどの道路が計画的に造られ、明治30年代には木造の初代「吾妻橋」が、都川に架けられました。
千葉市誕生の翌々年に当たる、大正12年9月の関東大震災後、市街地は整えられ、「吾妻橋」は木橋からコンクリート橋に架け替えられました。コンクリート橋は、緩やかに弧を描く桁橋で、親柱には照明がともり、高欄には半円の格子鉄（グリル）を、はめ込んだモダンな意匠となって、昭和11年7月に完成しました。
昭和46年から始まった、都川の改修により、橋の架け替えが行われ、平成8年12月に、これまでの意匠を受け継ぎ、現在の橋が誕生しました。なお、旧橋高欄の格子鉄は、そのモダンな姿を後世に残すため、左側歩道の擁壁に埋め込まれています。
CHIBA
（出典：現地看板）"	撮影年月:2016年9月 分類:構造物 分野:歴史 その他:昭和初期のモダン意匠を施した往時を偲ばせる橋梁									1		0032_01_201609	0B1lo0bTHuRacZUh0OVZNZGFaekU	0032_02_201511	0B1lo0bTHuRacQVVpOXlFLVpyTGM											35.60609489	140.1244074
33	1	ちばレポ	neko	天	千葉市美浜区高浜7丁目2	稲毛記念館正面玄関前の植え込みに設置された像。「天」との銘板があります。	撮影年月：2016年9月  分類：ポケモンGOジム、彫刻  分野：アート	1						1				0033_01_201609	0B1lo0bTHuRacY3VKQkF4LVZ4ZmM	0033_02_201609	0B1lo0bTHuRaccDRjNy1oaEg3Wkk											35.61972401	140.0604593
34	1	ちばレポ	neko	鏡のオブジェ（ふれあい）	千葉市美浜区高浜7丁目2	"ふれあい
白砂青松、この美しい海辺の風景は、私たちの心象に深く結びつき、そして、私たちを暖かくつつみ、豊かな情感をあたえてくれる。
市民6千人の手による“磯の松原”は、白砂青松をめざし、のびやかに育っている。
この砂浜を踏み、松の幹にふれ、五感をとおして、風景の内面にひそむ生命力の鼓動、千葉市の躍動を感じてほしい。

この記念碑は
“日本の白砂青松100選”指定（（社）日本の松の緑を守る会）と“人口80万人突破”を記念して、緑と水辺の基金により建立するものである。
昭和62年10月18日
千葉市長　松井旭
（出典：現地看板）"	撮影年月：2016年9月  分類：ポケストップ、記念碑  分野：アート	1						1				0034_01_201609	0B1lo0bTHuRacRGczblNzVUVZR3c	0034_02_201609	0B1lo0bTHuRacVkpQbm1GSnRjMEE											35.6183327	140.0610242
35	8	オープン！ちば	松島2	黒砂分教場の記念碑	千葉市稲毛区黒砂4丁目3	"黒砂分教場跡地　黒砂の歴史
かつて黒砂は国道14号より先は海が広がり、海の向こうに富士山を仰ぎ見ることができました。
今より千年程前、上総の国司菅原孝標が任期を終えて、都に向かう途中、同行した娘（『更級日記』の作者）が「くろとの浜」の月があまりに美しいので歌を詠みました。

まどろまじ　今宵ならではいつか見む　くろとの浜の　秋の夜の月
くろとの浜はこのあたり（黒砂）だといわれています。

黒砂は、平将門の乱（天慶の乱）に敗れた、将門の家臣六人が住み着いた地と言い伝えられています。遠浅の海では漁業を、稲毛区役所付近まで続く谷津田では農業を営む、半農半漁の村でした。現在の放射線医学総合研究所や京葉工業高校から穴川公園のあたりは、黒砂村の部分木（共有林）でした。
海に面した小高い丘の上に黒砂分教場がありました。明治8（1875）年に黒砂小学校として村人の手で創立された学校です。明治40（1907）年には、千葉師範学校付属第二小学校舎になり、その後、登戸小学校や弥生小学校の黒砂分教場として、昭和29（1954）年3月まで存続しました。
分教場跡地には、黒砂公民館が建てられ、のちに「ちびっこ広場」として、子ども達の遊び場になりました。平成14（2002）年、新港横戸町線工事のため旧黒砂本村と共に、黒砂陸橋の橋の下に姿を消してしまいました。
ここに立つ石碑は『校地購買記念碑』大正13（1924）年と、『学校敷地寄付記念碑』昭和13（1938）年です。学校を建てるために、黒砂村の部分木を売却してその資金に充てたことや、隣接する土地を寄贈されたことが記されています。
この二つの石碑は、平成27（2015）年4月15日、歴史的な価値が認められ、千葉市地域文化財に登録されました。
また、海に面した丘の中腹に七体のお地蔵さまが祀られていました。黒砂の海の澪で亡くなった子ども達を供養したものです。現在は桜木町の市営墓地に移されています。
（詳しくは黒砂公民館内、黒砂の資料を保存する会の展示物をご覧ください）
平成27（2015）年4月
黒砂第一自治会
黒砂の資料を保存する会
（出典：現地看板による）"	撮影年月：2016年9月  分類：石碑 分野：歴史		1		1							0035_01_201609	0B1lo0bTHuRaccFk0MmF6X1dQSHc													35.62858541	140.0902672	平成27年	2015	市地域	有形文化財	歴史資料
36	1	ちばレポ	neko	千葉気動車区記念碑	千葉市稲毛区黒砂台3丁目1	"車輪の響く所、文化あり
地域の発展に寄与した「ちば気道車区」は1954年、国鉄動力車近代化計画実施に伴い車輌基地として全国で初めてこの地に誕生
以来、20余年、首都圏輸送の一翼を担い枢要な位置にあった。歴史は移り、総武、内房、外房線の電化により、1975年、その使命を果たし廃止された。
ここに気道車区の往時を偲ぶ。
1986年　千葉市　建立
（出典：現地看板）"	撮影年月：2016年9月  分類：ポケモンGOジム、鉄道  分野：産業遺産	1			1	1						0036_01_201609	0B1lo0bTHuRacWHlJNXQyZU9QUk0	0036_02_201609	0B1lo0bTHuRacejI3Uk9WM2JqU1E											35.63079472	140.0983541
38	1	ちばレポ	ホワイティ	お茶の水	千葉市中央区亥鼻1丁目6	"お茶の水
治承の昔千葉常胤卿源頼朝公を居城亥鼻山に迎へし時此の水以て茶を侑む公深くこれを賞味せりと傳ふ　爾来お茶の水と称し星霜八百年清水滾々として今に渇きず。
（出典：現地看板）"	撮影年月:2016年9月 分類:史跡 分野:歴史 その他:千葉常胤が源頼朝に茶を献じたとの伝説の残る井戸。水は出ません…		1						1			0038_01_201609	0B1lo0bTHuRacRlVGR2dGZGNOWVk													35.60594442	140.125707
39	1	ちばレポ	ホワイティ	千葉開府850年記念碑	千葉市中央区亥鼻1丁目6		撮影年月:2016年9月 分類:史跡 分野:歴史 その他:1126年、千葉常重が亥鼻付近へ本拠を移してから850年目を記念して設置された碑。「知ろう 愛そう つくろう 郷土千葉」は記念式典のテーマ。				1							0039_01_201609	0B1lo0bTHuRacU3V4TW5BVzUzWjA	0039_02_201609	0B1lo0bTHuRacOUpkczNHeTNkQUE											35.60434047	140.1267919
40	1	ちばレポ	ホワイティ	君待橋之碑	千葉市中央区港町4	"◎君待橋
寒川長洲大橋の邊、縣道を横断する小やかなる溝渠に架け設けたる石橋を君待橋と稱ふ、昔し藤原實方卿陸奥國へ下向せんとて此處を過ぐるに際し一首の和歌を詠めり

寒川や袖師が浦に立つ烟
君をまつ橋身にそ知らるる

治承年間千葉常胤源頼朝を此處に迎ふ、頼朝橋名を問ひしに、常胤の子胤頼和歌を詠じて是れに答へき、其の歌に曰く

見へかくれ八重の潮路の待橋を
渡りもあへず歸る舟人

これより橋名漸く顕はれ、今尚ほその名を傅ふ

（出典：五十嵐重郎、『総水房山 : 房総名勝誌』、明33.4 （著作権切れ））"	撮影年月:2016年9月 分類:史跡 分野:歴史 その他:その名前の由来にいくつかの伝承がある地。 千葉常胤が源頼朝をこの橋のたもとで出迎えた、大雨で橋が流された濁流を渡ろうとして溺れた若者を追って、恋仲だった乙女が濁流に身を投じた、など				1							0040_01_201609	0B1lo0bTHuRacbU1pd1NrM1JWZjA													35.6012426	140.1189062
41	1	ちばレポ	ホワイティ	千葉開府800年記念碑	千葉市中央区亥鼻1丁目6		撮影年月:2016年9月 分類:史跡 分野:歴史 その他:千葉開府800年祭は1926年(大正15年)6月。大正10年1月1日市制施行の5年後。				1							0041_01_201609	0B1lo0bTHuRacdC1Ua1YwQ1lmd3M													35.60520951	140.126395
43	1	ちばレポ	ケータ	旧生浜町役場庁舎	千葉市中央区浜野町	"　旧生浜町役場庁舎は、昭和３年にそれまでの生浜村が生浜町になったのを機に新しい庁舎の建設が計画され、昭和７年８月に建物が竣工しました。この建物は市内では数少ない昭和初期の木造二階建洋風建築物で、建築技術や意匠には東京などの中心都市の建物に比べて地方色が強くみられ、我国の近代建築史の変遷を考える上で貴重なものです。
　建物の屋根はフランス瓦で葺かれ、とくに玄関ポーチ上のバルコニーは明治初期から大正期に建てられた郡役所建築によくみられるもので、この建物の大きな特長になっています。
平成6年市指定有形文化財　建造物（出典：千葉市教育委員会「市内文化財一覧」）"	撮影年月:平成28年9月 分類:建造物 分野:歴史 市内では数少ない昭和初期の木造二階建洋風建築物です。									1		0043_01_201609	0B1lo0bTHuRacVXVqcmtTMzlyR28													35.55850133	140.1340772	平成6年	1994	市指定	有形文化財	建造物
45	1	ちばレポ	ホワイティ	出洲海岸埋立造成事業記念碑	千葉市中央区千葉港6	"出洲海岸埋立造成事業記念碑
海苔の養殖で栄え　潮干狩りや海水浴でにぎわい　数数の歴史をもつここ千葉市出洲海岸は　地元漁民の尊い協力をもとに　今ここに見る偉容へと変貌した。
千葉県は　古来から全国有数の農水産業県であったが　工業生産は微々たるもので　毎年職を求めて他県に流出する人人が相次ぐ状態であった　ために県民各層から県内に工業地帯造成の要望が高まり　昭和25年11月川崎製鉄株式会社が立地してから県民一致の努力によりここに　世界に類のない工業地帯が出現した。
出洲海岸の埋立は　発展する千葉県の海の表玄関としての千葉港を建設し　あわせて県都千葉市の新市街地の形成と再開発を図るため計画した。この埋立地約610ヘクタールの造成には　民間資本を導入する全国初の地域開発方式が採用されきわめて短期間に完成をみた。
千葉港中央地区は　すでに国際港千葉港の建設のいぶきがみなぎっている。
さらに　最近完成をみた千葉市庁舎を中心に一大都市センターが形成されようとしている。　この地こそ県都千葉市と千葉県の発展の基盤となるものと確信している。
世界に伸びる千葉県の表玄関として　当地が豊かに限りなく発展するよう祈念するものである。
昭和45年
千葉県知事　友納武人
（出典：現地碑）"	撮影年月:2016年9月 分類:史跡 分野:歴史 その他:千葉の海の玄関千葉港と市街地建設のため埋め立てられた610haの造成事業完了を記念しつくられた碑。				1							0045_01_201609	0B1lo0bTHuRacTjVBTnFBSDNoM2M													35.606615	140.1047388
46	1	ちばレポ	ホワイティ	石釧モニュメント	千葉市中央区千葉港6	"七廻り塚古墳の石釧
釧は古代人が手首に嵌めた装身具である。
千葉市生実町の七廻り塚古墳から出土した石釧は　全国から発掘された釧の中で最大最美といわれ市の重要文化財に指定されている　ここにその石釧を模し　当時の豪族のロマンを偲ぶ
1988年12月10日
千葉南ロータリークラブ創立25周年記念
（出典：現地銘板）
"	撮影年月:2016年9月 分野:モニュメント 分類:歴史 その他:昭和33年、当時の生浜中学の拡張工事の際行われた七廻塚古墳の発掘調査で出土した装身具(腕輪)のモニュメント。塚には怪奇伝説も。				1							0046_01_201609	0B1lo0bTHuRacU2t3eFRvTDdjOGM													35.60661936	140.1057688
47	1	ちばレポ	ホワイティ	加曽利E式土器モニュメント	千葉市中央区千葉港6	"縄文土器（加曽利E式）
縄文土器は　化学反応を応用した美術工芸の原点で　人類最初の発明であるという　
世界最大の貝塚をもつ縄文集落　千葉市加曽利貝塚　より出土した煮沸用土器を模し　かつて遠浅の海で縄文人が魚介類をあさったこの地に建て　当時の文化をしのぶ
昭和58年12月17日　創立20周年にあたり
千葉南ロータリークラブ
協力　加曽利貝塚土器づくり同好会
（出典：現地銘板）"	撮影年月:2016年9月 分類:モニュメント 分野:歴史 その他:加曽利貝塚出土のE式土器モニュメント。				1							0047_01_201609	0B1lo0bTHuRacSzJTWGdFdEVtbTg													35.60668478	140.1057124
48	1	ちばレポ	ホワイティ	政令指定都市移行記念碑	千葉市中央区千葉港6	"政令指定都市移行記念
千葉市政令指定都市推進協議会は、市内の各界各層125団体が協力し、市民の立場から千葉市の政令指定都市の実現を目指して、協議会活動を積極的に進めてまいりました。
関係行政機関等のご尽力と私どもの活動が実を結び、平成4年4月1日、千葉市は全国12番目の政令指定都市として新たな第一歩を踏み出しました。
無限の可能性を秘めた私達の街・千葉市が、緑と水辺にかこまれた個性ある都市へと成長することは、市民の願いであります。千葉市の政令指定都市移行を記念するとともに、市民一人ひとりが力を合わせ、千葉市が世界に誇り得る大都市として発展を遂げますことを誓い、ここに記念碑を建立いたします。
平成4年4月　千葉市政令指定都市推進協議会
（出典：現地看板）"	撮影年月:2016年9月 分類:史跡 分野:歴史 その他:平成4年4月1日、千葉市が全国12番目の政令指定都市に移行したことを記念する碑。				1							0048_01_201609	0B1lo0bTHuRacRkdYQ2lKYTVCeTg													35.60726703	140.1051599
49	1	ちばレポ	ホワイティ	ケソン市記念塔モニュメント	千葉市中央区千葉港6	"この記念碑は
フィリピン国ケソン市の中央に建つ記念塔のレプリカであり恒久的な兄弟愛と友愛を願ったものです。
製作者　Arturo C. Soriano
原作者　Federico Ilustre

日本ボーイスカウト千葉地区協議会とフィリピンボーイスカウトケソン市協議会との間で、1979年/1880年から1999年/2000年の20年に亘って行われたボーイスカウト交流事業の20周年を記念して贈られたものです。
2000年5月2日
ボーイスカウトフィリピン連盟
ケソン市協議会
（出典：現地銘板）"	撮影年月:2016年9月 分野:モニュメント 分類:歴史 その他:フィリピンケソン市の記念塔を模したレプリカのモニュメント。両国のボーイスカウト交流20周年を記念して建てられた碑。昭和47年11月9日、同市と千葉市は姉妹都市提携。				1							0049_01_201609	0B1lo0bTHuRacQ1JkdmIzVDNEMW8													35.60674366	140.1049842
51	1	ちばレポ	ケータ	ヘレン・ケラー像	千葉市中央区中央1丁目12		撮影年月:平成28年9月 分類:彫刻 分野:歴史 角膜移植に献眼された人々の功績を称え、アイバンク運動のさらなる発展を期し、建立された。							1				0051_01_201609	0B1lo0bTHuRacdDRkN2pDNDlNdWc													35.61013144	140.1211435
55	1	ちばレポ	かおりん	蒸気機関車(NUS6)	千葉市中央区宮崎2丁目4	"NUS6
この蒸気機関車はＣ型タンク飽和蒸気機関車と呼ばれ、神戸市の川崎車輌（現川崎重工業）で製造され、昭和28年（1953年）頃から昭和43年（1968年）頃まで川崎製鉄千葉製鉄所（現ＪＦＥスチール）にいて資材等の運搬に使用されていました。
やがてディーゼル機関車の発達に伴い、蒸気機関車は使われなくなり、千葉市に寄贈されたものです。
（出典：現地看板）"	撮影年月:20160924 分類:モニュメント 分野:アート その他:菰池公園にある蒸気機関車です		1			1						0055_01_201609	0B1lo0bTHuRacRkJBalI4czQ2V0k													35.58325982	140.1349794
56	8	オープン！ちば	東	セントラルアーチ	千葉市中央区富士見1丁目15		2016-9-24撮影 千葉都市モノレール									1		0056_01_201609	0B1lo0bTHuRacUldiS1NBNlJ2czA													35.6109043	140.1197312
57	1	ちばレポ	かおりん	平和都市宣言記念像	千葉市中央区本千葉町15	"平和都市宣言記念像
FUTURE SUPPORTERS
未来を支える人々
（出典：現地看板）

平和都市宣言
私たちの郷土千葉市は、「ゆとりと活力ある都市づくり」を基本目標に、心のふれあう豊かで美しい地域社会の創造と健康で快適なまちづくりに懸命な努力を続けているところである。
郷土千葉市の発展と市民の幸せは、日本の安全と世界の恒久平和なくしては望みえないものである。
よって、私たちは、核兵器などによる戦争への脅威をなくし、市民共通の願いである世界の恒久平和を求め、ここに「平和都市」を宣言する。
平成元（1980）年2月28日　
千葉市
（出典：現地看板）

制作の趣旨
千葉市は、昭和20（1945）年6月10日と7月7日、太平洋戦争による大空襲を受け、この周辺の中心市街地約230ヘクタールは焦土と化しました。
その後、市民の英知とたゆみない努力の結集により復興を遂げ、85万人を擁する大都市に発展しました。
千葉空襲・終戦50周年にあたり、あらためて平和への願いを込め、この記念像を設置します。皆様が、平和の尊さを未来に伝えていただけることを心から願います。
この記念像は、デザイン・アイディア公募による多数の応募作品の中から最優秀賞に選定された関正司さんの作品です。
平成7（1995）年7月7日
千葉市長　松井旭
（出典：現地看板）
"	撮影年月:20160924 分類:モニュメント 分野:歴史 その他:千葉中央駅前にあります				1			1				0057_01_201609	0B1lo0bTHuRacQmN1Tkg3WUUxcHc													35.60746657	140.1182706
60	1	ちばレポ	トッティ	「天体へ」（AD ASTRA）	千葉市中央区中央1丁目12		撮影年月：2016年9月24日  分野：アート  分類：彫像  作者：カルロ ラムース(1926-2003 イタリア) 設置：1993年3月 素材：ステンレス							1				0060_01_201609	0B1lo0bTHuRacUC1lWEd1VzNyanM	0060_02_201609	0B1lo0bTHuRacWUhoSktENjhhTWc											35.61024037	140.1206309
62	1	ちばレポ	トッティ	「SORGENTE」（ソルジェンテ 1903）	千葉市中央区院内1丁目16		撮影年月：2016年9月24日 分類：モニュメント、ポケストップ 分野：アート その他：神社の目の前あるイタリアンな名前の巨大な大理石のオブジェ	1						1				0062_01_201609	0B1lo0bTHuRacaEo0RUdBMGUwcU0	0062_02_201609	0B1lo0bTHuRacdU5TMUQwc1BaQzA											35.61154001	140.1234499
64	1	ちばレポ	neko	緑と水辺の都市宣言	千葉市中央区千葉港1		撮影年月：2016年9月など 分類：石碑 分野：歴史 その他：昭和59年10月20日に千葉市が発した宣言文				1							0064_01_201609	0B1lo0bTHuRacTXhFMkdwYWowX0U	0064_02_201609	0B1lo0bTHuRacMmVnTk5OLU5GZUU											35.60718569	140.1072472
65	1	ちばレポ	neko	タイムカプセル	千葉市中央区千葉港1	"新世紀・市制施行80周年記念
タイムカプセル
埋設　2001年6月21日
開封　2021年／2101年
（出典　現地モニュメント）
"	撮影年月：2016年9月 分類：石碑、ポケストップ 分野：歴史 その他：新世紀、市制施行80周年を記念して2001年6月21日に埋められたタイムカプセルの碑。開封は、2021年（市制施行100周年の年）と2101年の予定	1			1							0065_01_201609	0B1lo0bTHuRacWVFRZ2Y2emZTQ2M	0065_02_201609	0B1lo0bTHuRacdGlpZ0E4bWRWcUU	0065_03_201609	0B1lo0bTHuRaccUxHMjV2cVl4RmM									35.60689129	140.1070517
66	8	オープン！ちば	松島2	SKY SEED	千葉市中央区問屋町1		撮影年月：2016年9月 分類：オブジェ 分野：アート その他：鉄のゲージツ家として有名な篠原勝之さんの作品。1993年10月1日、千葉ポートスクエアのオープンと同時に設置されたもの。全高は12mを超えているそうです。							1				0066_01_201609	0B1lo0bTHuRacRmx4Wm9BMEJueDg	0066_02_201609	0B1lo0bTHuRacc3V5U0RFSXZYZk0											35.60283833	140.1107789
69	1	ちばレポ	ホワイティ	平和都市宣言記念像	千葉市中央区本千葉町2	"平和都市宣言記念像
FUTURE SUPPORTERS
未来を支える人々
（出典：現地看板）

平和都市宣言
私たちの郷土千葉市は、「ゆとりと活力ある都市づくり」を基本目標に、心のふれあう豊かで美しい地域社会の創造と健康で快適なまちづくりに懸命な努力を続けているところである。
郷土千葉市の発展と市民の幸せは、日本の安全と世界の恒久平和なくしては望みえないものである。
よって、私たちは、核兵器などによる戦争への脅威をなくし、市民共通の願いである世界の恒久平和を求め、ここに「平和都市」を宣言する。
平成元（1980）年2月28日　
千葉市
（出典：現地看板）

制作の趣旨
千葉市は、昭和20（1945）年6月10日と7月7日、太平洋戦争による大空襲を受け、この周辺の中心市街地約230ヘクタールは焦土と化しました。
その後、市民の英知とたゆみない努力の結集により復興を遂げ、85万人を擁する大都市に発展しました。
千葉空襲・終戦50周年にあたり、あらためて平和への願いを込め、この記念像を設置します。皆様が、平和の尊さを未来に伝えていただけることを心から願います。
この記念像は、デザイン・アイディア公募による多数の応募作品の中から最優秀賞に選定された関正司さんの作品です。
平成7（1995）年7月7日
千葉市長　松井旭
（出典：現地看板）
"	撮影年月:2016年9月 分類:モニュメント 分野:歴史 その他:平成元年2月28日に千葉市が行った平和都市宣言を記念し建立されたモニュメント。				1							0069_01_201609	0B1lo0bTHuRaccEtsQl9NeTNYMFk													35.60767482	140.1185441
70	1	ちばレポ	ホワイティ	千葉漁業協同組合創立70周年記念碑	千葉市美浜区幸町1丁目4		撮影年月:2016年10月 分類:史跡 分野:歴史 その他:昭和20年3月建立。埋立前はどこに？				1							0070_01_201610	0B1lo0bTHuRacTGdDNGpiaW9KaGM	0070_02_201610	0B1lo0bTHuRacdmphbFItVWoxV3c											35.61005393	140.1004768
71	1	ちばレポ	ホワイティ	千葉漁業協同組合解散記念碑	千葉市美浜区幸町1丁目4		撮影年月:2016年10月 分類:史跡 分野:歴史 その他:中央港地区の埋立開始前後の昭和39年6月建立。漁業と埋立の関係が感じられて非常に興味深い。				1							0071_01_201610	0B1lo0bTHuRacU0tyd196MTlBSTg	0071_02_201610	0B1lo0bTHuRacWGduTlVGaF9oSDg											35.60999614	140.1004996
73	1	ちばレポ	kosan	「人」	千葉市美浜区高洲3丁目24		稲毛海岸駅前の「人」							1				0073_01_201610	0B1lo0bTHuRacRTZtNUMzQTJ2bTA	0073_02_201610	0B1lo0bTHuRacYkU5REZfN1d5Nzg											35.62914853	140.0730457
74	1	ちばレポ	nob	太陽が沈む公園(おゆみ野みなみ公園)	千葉市緑区おゆみ野南6丁目1		撮影年月：2016年9月 分類：公園 分野：ジム その他：春分の日と秋分の日には、写真3枚目のゲートの間に日が沈みます	1										0074_01_201609	0B1lo0bTHuRacekpNZ3c1ZDc3aGc	0074_02_201609	0B1lo0bTHuRacLTRRaFN4R1lTVms	0074_03_201609	0B1lo0bTHuRacaUs2dFlQeF9fTzQ									35.5455039	140.1808646
76	1	ちばレポ	monta	登戸土地区画事業完成記念碑	千葉市中央区登戸1丁目8	"五大力船（由来）
この地登戸は、江戸時代から明治末期にかけ房総半島から江戸、横浜への物資の流通拠点として、海運業、問屋業が栄えた港町であります。
本造形は、当時海上輸送で活躍した五大力船などの大型帆船を形どったもので、登戸船とも俗称され最盛期には80隻を数え、江戸の朝市場に間に合わせるために夜間に航行する等、海上輸送の花形として活躍したものであります。
（出典：現地看板）"	撮影年月：2016年10月 分類：モニュメント 分野：歴史、完成記念碑 その他：登戸土地区画事業完成記念碑、五大力船				1							0076_01_201610	0B1lo0bTHuRacbjZnclhPMTVkVEE	0076_02_201610	0B1lo0bTHuRacaVc0bUZwSEFVUkk											35.60942935	140.1088475
77	8	オープン！ちば	福谷	ポートタワー	千葉市中央区中央港1丁目10	"千葉ポートタワー建設の碑
この「千葉ポートタワー」は、昭和58年9月に県民が500万人を突破しやことを記念し、建設したものです。
昭和61年6月15日
千葉県知事　沼田武
CHIBA PORT TOWER
This monument CHIBA PORT TOWER has been constructed in commemoration of population of Chiba Prefectur having reached five million as of Sept. 1983.
Takeshi Numata
Governor of Chiba Prefectur
June 15 1986
（出典：現地碑） "	建物				1				1	1		0077_01_201609	0B1lo0bTHuRacazh4aFVTem5HWWc	0077_02_201610	0B1lo0bTHuRacekNRZTlUZkE1TTQ	0077_03_201601	0B1lo0bTHuRacTk5abUJ0ckJvMHc	0077_01_201609	0B1lo0bTHuRacazh4aFVTem5HWWc		1	1				35.60030303	140.0982906
78	8	オープン！ちば	福谷	夏	千葉市中央区中央港1丁目10	"夏
THE SUMMER
佐藤忠良
CHURYO SATO
新制作協会会員
1912年　宮城県生まれ
1960年　第3回高村光太郎賞受賞
1974年　第15回毎日芸術賞受賞
　　　　　昭和48年度芸術選奨文部大臣賞受賞
1981年　フランス・アカデミー・デ・ボザールの客員会員
1984年　イタリアのアカデミア・ディ・サンルーカの会員
（現地碑文）"	彫刻 ポケストップ	1						1				0078_01_201610	0B1lo0bTHuRacTjhRYURwamVBZ00													35.59980699	140.0984267
79	1	ちばレポ	kosan	おゆみ野の東西南北その1	千葉市緑区おゆみ野3丁目19	"千葉都市計画事業
千葉東南部土地区画整理事業
千葉市
都市基盤整備公団
平成13年6月22日
（出典　現地銘板）
"	ポケストップ 方位石	1										0079_01_201610	0B1lo0bTHuRacWHhzNUF1NU9ES3c	0079_02_201610	0B1lo0bTHuRacN0Z1Ni00ZDlUMmc	0079_03_201610	0B1lo0bTHuRacZXUyQlNjanl4dWc									35.56106001	140.175938
80	8	オープン！ちば	松島2	意識の断片	千葉市中央区登戸1丁目26	"意識の断片
The Fragment of Consciousness
1997年
菅利光
Kan Toshimitsu
（現地碑文）"	撮影年月：2016年10月 分類：野外彫刻、ポケストップ 分野：アート	1						1				0080_01_201610	0B1lo0bTHuRacX0t5NlhnQklxSjA	0080_02_201610	0B1lo0bTHuRacNFFpNVh0c3k3ZE0											35.60800302	140.1085408
81	1	ちばレポ	neko	海の世界	千葉市中央区新町15	"壁画制作　千葉市立新宿中学校生徒一同
タイトル『海の世界』
後援　千葉市中央塗装共同組合
協賛　日本ペイント株式会社
制作日　平成25年10月14日
（現地表示）"	撮影年月：2016年10月 分類：壁画、ポケストップ 分野：アート	1						1				0081_01_201610	0B1lo0bTHuRacclNkMFZRMGh4cFE	0081_02_201610	0B1lo0bTHuRacNnVIeHB6OGd6MUk											35.61183316	140.1114204
82	8	オープン！ちば	福谷	五日堂の五輪塔（本満寺）	千葉市緑区誉田町1丁目	"　斬首刑された日浄の首は五日堂の脇に埋められ、後年高田村の源右衛門は追善供養のため五輪塔を造りましたが、幕府を恐れ土中に埋めました。明治11年7月5日鎗田岩五郎が夢を見て発掘し五輪塔を発見したと伝えられています。
昭和42年市指定有形文化財　建造物（出典：千葉市教育委員会「市内文化財一覧」）"	史跡 ポケモンジム	1		1								0082_01_201610	0B1lo0bTHuRacNnpEUXpXWEFQRWc	0082_02_201610	0B1lo0bTHuRacam9idW03RFBvQTQ											35.55049752	140.2004515	昭和42年	1967	市指定	有形文化財	建造物
83	1	ちばレポ	monta	新田地区土地区画整理事業竣工記念碑	千葉市中央区新田町24		撮影年月：2016年10月 分類：モニュメント 分野：歴史、完成記念碑 その他：新田地区土地区画整理事業				1							0083_01_201610	0B1lo0bTHuRaceEtjc2o3NS10ZE0													35.60857414	140.1104596
84	1	ちばレポ	kosan	有吉南貝塚	千葉市緑区おゆみ野中央5丁目2		1016年10月4日 史跡 貝塚 歴史		1									0084_01_201610	0B1lo0bTHuRacOFdwOF9xREcyNDg	0084_02_201610	0B1lo0bTHuRacOFdwOF9xREcyNDg											35.55845294	140.172113
85	1	ちばレポ	kosan	おゆみ野緑の案内板	千葉市緑区おゆみ野有吉32		2016年10月4日 ポケストップ アート	1										0085_01_201610	0B1lo0bTHuRacLTlZaFYtREhVOVU	0085_02_201610	0B1lo0bTHuRacSGQ0bDIyeS1xVXc											35.55674421	140.165456
86	8	オープン！ちば	福谷	椎名神社 白旗大権現	千葉市緑区椎名崎町		2016年10月4日 ボケストップ 神社 史跡	1		1								0086_01_201610	0B1lo0bTHuRacdXZxTG5TTVdNVVk	0086_02_201610	0B1lo0bTHuRacNmVGOHpMaTA0MkE											35.55048027	140.1633587
87	1	ちばレポ	khata	ちょうちん塚	千葉市若葉区千城台東2丁目	"史跡　ちょうちん塚
お成り街道をはさんで向かいあう高さ三米ほどの盛土は「ちょうちん塚」または「一理塚」と呼ばれている。
半分ほど削られてしまったのが惜しいが、慶長十九年（西暦一六一四）徳川家康の命令で、佐倉藩主土井利勝が沿道の村人を動員して船橋から東金まで約三十八粁米の直線を、三日三晩で造ったと伝承される。
この道は、別名「一夜街道」というが、家康の強大な権力ぶりがしのばれます。この塚は、起伏のある下総台地の高所につくられており、道すじをきめるのにあかりをともし直線を定めたといわれる。なお、この地点より約一里（四粁米ほど）東金寄りの冨田町に「一里塚」とよばれる盛土と雑木の古木が現存するのをみると道のりを示す役目を果したかも知れない。
将軍のお成りは、家康二回、秀忠八回、家光一回の計十一回が「徳川実紀」に記録されている。
千葉市立千城台南中学校
郷土研究クラブ
（出典：現地看板）"	撮影年月:20161002 分類:遺跡 立て看板より 慶長19年(西暦1614)徳川家康の命令で、佐倉藩主、土井利勝が沿道の村人を動員して船橋から東金まで約38粁米の直線を、三日三晩で作ったと伝承されている。 なかなか大変そうです。		1											0087_02_201610	0B1lo0bTHuRacbFdwMV93a01QMEU											35.62280929	140.198505
88	1	ちばレポ	kosan	おゆみ野の東西南北その2	千葉市緑区おゆみ野南5丁目24		方位堀 案内板 アート							1				0088_01_201610	0B1lo0bTHuRacUWpoWFEwUkVhRXM	0088_02_201610	0B1lo0bTHuRacbDUzeW14QWExTjA	0088_03_201610	0B1lo0bTHuRacVElocU5DRF92NXc									35.54490577	140.1788145
89	1	ちばレポ	kosan	黄色い滑り台	千葉市緑区おゆみ野南6丁目1		1016年10月 ポケストップ アート 遊具	1										0089_01_201610	0B1lo0bTHuRacQ3duTkZVTXlELW8	0089_02_201610	0B1lo0bTHuRacZmdSd0xiTl8wNkk											35.54475603	140.1796717
90	1	ちばレポ	kosan	おゆみ野の東西南北その3	千葉市緑区おゆみ野南6丁目1		方位路面表示 アート							1				0090_01_201610	0B1lo0bTHuRacajJ5bHM3OEVMSG8	0090_02_201610	0B1lo0bTHuRacYklaSlQwVmVsemc	0090_03_201610	0B1lo0bTHuRacVnlNelQyalpxQnc									35.54546704	140.1808819
91	1	ちばレポ	kosan	おゆみ野あきのみち公園	千葉市緑区おゆみ野南6丁目1		2016年10月 ポケモンジム 公園	1										0091_01_201610	0B1lo0bTHuRacR3pPcUV2Z2dreEE	0091_02_201610	0B1lo0bTHuRacM0dVSXF4allsZlE	0091_03_201610	0B1lo0bTHuRacN3VST3E2MEJ1bW8									35.54545194	140.1801298
92	1	ちばレポ	kosan	おゆみ野緑の案内板	千葉市緑区おゆみ野南6丁目1		2016年10月 案内板											0092_01_201610	0B1lo0bTHuRacREVaT2FsaDdBODQ													35.54510604	140.1791957
93	1	ちばレポ	kosan	おゆみ野緑の案内板	千葉市緑区おゆみ野南5丁目30		ポケモンジム 案内板 おゆみ野はちまんがた公園	1										0093_01_201610	0B1lo0bTHuRacQjNST1VXX3UzUmM	0093_02_201610	0B1lo0bTHuRacbGhPSVVnQzFuUm8											35.54752478	140.1741047
94	1	ちばレポ	kosan	黄色いトンネル	千葉市緑区おゆみ野南5丁目30		2016年10月 ポケストップ はちまんがた公園 遊具	1										0094_01_201610	0B1lo0bTHuRacbVJKczlWVWF5UDA	0094_02_201610	0B1lo0bTHuRacYlRiTFZPNDFjaG8	0094_03_201610	0B1lo0bTHuRacU2VMN2d1dUg1SmM									35.54714364	140.1741811
95	8	オープン！ちば	村川	初代民選千葉県知事の像	千葉市中央区市場町1		撮影年月：2016年9月28日  分類：モニュメント、ポケストップ  分野：歴史 その他：羽衣公園にある初代民選千葉県知事の川口為之助の像	1			1							0095_01_201609	0B1lo0bTHuRacMGJyQ0k2a1VZWDQ	0095_02_201609	0B1lo0bTHuRacMFRKNVJXblFGN1k											35.60378545	140.1231656
96	8	オープン！ちば	村川	明治天皇行在所旧跡の碑	千葉市中央区中央4丁目13		撮影年月：2016年9月28日  分類：モニュメント、ポケストップ  分野：歴史 その他：明治天皇が宿泊したを記念して建立された石碑	1			1							0096_01_201609	0B1lo0bTHuRaccTd6dUo0Tk5XUDg	0096_02_201609	0B1lo0bTHuRacMHNnVkhxbkc3YzQ											35.60551263	140.1224763
97	1	ちばレポ	kosan	おゆみ野さくら公園	千葉市緑区おゆみ野2丁目42		2016年10月 ポケストップ モニュメント おゆみ野さくら公園	1			1							0097_01_201610	0B1lo0bTHuRacc0p2V1BDenhjaHc	0097_02_201610	0B1lo0bTHuRacUWNlQVdScTdmdzQ	0097_03_201610	0B1lo0bTHuRacaEFickpIQVlITnM									35.56018108	140.1730846
98	1	ちばレポ	reporepotry	現代壁画	千葉市中央区祐光2丁目7	"製作　千葉市立椿森中学校　生徒一同
後援　（社）日本塗装工業会　千葉県支部
後援　日本ペイント　株式会社
製作日　平成19年10月6日
（出典：現地看板）"	撮影年月 2016年10月 分類 壁画 分野 アート							1				0098_01_201610	0B1lo0bTHuRacYkpQZDA1WnN3ZWc	0098_02_201610	0B1lo0bTHuRacOVV3Tm9CQnUzcjg											35.61666916	140.1232239
99	1	ちばレポ	reporepotry	椿森の壁画	千葉市中央区要町2	"製作　千葉市立椿森中学校　生徒一同
後援　（社）日本塗装工業会　千葉県支部
後援　日本ペイント　株式会社
製作日　平成19年10月10日
（出典：現地看板）"	撮影年月 2016年10月 分類 壁画 分野 アート							1				0099_01_201610	0B1lo0bTHuRacUHYyeEJWd01FVE0	0099_02_201610	0B1lo0bTHuRacd2NCSGdwTWFQdGs											35.61670615	140.1230079
100	8	オープン！ちば	浦本	猿田神社	千葉市花見川区武石町2丁目		撮影年月: 2016年10月 分類: ポケストップ、ポケモンGOジム 分野: 神社 その他: 住宅街の片隅に突如存在する小さな神社。	1		1										0100_02_201610	0B1lo0bTHuRacNVBQODRfay1ONHM											35.65939404	140.0629634
101	8	オープン！ちば	浦本	三代王神社	千葉市花見川区武石町1丁目		撮影年月: 2016年10月 分類: ポケストップ 分野: 神社 その他: 千葉県指定無形民俗文化財である下総三山の七年祭りでは、産婆役となる。	1		1								0101_01_201610	0B1lo0bTHuRacQzAySmNCOGE1RjQ	0101_02_201610	0B1lo0bTHuRacNUhBSnotcHRTNEk	0101_03_201610	0B1lo0bTHuRacbHp3bDN3TnlidWc									35.66602751	140.0606889
102	8	オープン！ちば	浦本	真言宗真蔵院	千葉市花見川区武石町1丁目		撮影年月: 2016年10月 分類: ポケストップ x 2 分野: 寺院 その他: 千葉常胤三男・武石三郎胤盛が母の菩提を弔うために祀ったと伝えられている。	1		1								0102_01_201610	0B1lo0bTHuRacUzkxdlA3U0ZibmM	0102_02_201610	0B1lo0bTHuRacVk5JVFhlbkdyM28											35.66607981	140.0660748
103	8	オープン！ちば	浦本	武石神社	千葉市花見川区武石町1丁目		撮影年月: 2016年10月 分類: ポケストップ 分野: 神社 その他: 細いながらも竹藪に囲まれた雰囲気なる参道がある。武石城跡地に作られたらしい。	1		1								0103_01_201610	0B1lo0bTHuRacWUlWcHpjZlBBTFU	0103_02_201610	0B1lo0bTHuRacWUlWcHpjZlBBTFU	0103_03_201610	0B1lo0bTHuRacelFwby1uM2pqTGM									35.66909563	140.0650555
104	8	オープン！ちば	浦本	三峯神社	千葉市花見川区長作町		撮影年月: 2016年10月 分類: ポケストップ 分野: 神社 その他: 住宅の奥にある小さな神社。改築中。	1		1								0104_01_201610	0B1lo0bTHuRacd1RiYmwya2x3QXc													35.67536225	140.0715143
105	8	オープン！ちば	浦本	日蓮宗長胤寺	千葉市花見川区長作町		撮影年月: 2016年10月 分類: ポケストップ、ポケモンGOジム 分野: 寺院 その他: 長作の地を領した武石長胤(千葉常胤の曾孫)の館跡に作られたお寺。	1		1								0105_01_201610	0B1lo0bTHuRacbHphejNiWHV1YUE	0105_02_201610	0B1lo0bTHuRacUzlveVNkZHpQczQ	0105_03_201610	0B1lo0bTHuRacRHBFTUtzNlRxYlE									35.6758416	140.0694973
106	8	オープン！ちば	浦本	浄土真宗玄中寺	千葉市花見川区長作町		撮影年月: 2016年10月 分類: ポケストップ 分野: 寺院 その他: 普通の民家にお寺の看板が掛かっているようにしか見えない不思議な場所。	1		1								0106_01_201610	0B1lo0bTHuRacNUJDNGJTbGJkMWs													35.67641681	140.0709027
107	8	オープン！ちば	浦本	天津神社	千葉市花見川区長作町		撮影年月: 2016年10月 分類: ポケストップ 分野: 神社 その他: 細い石段を上がったところにある神社。あまり人が来ないようで、あちこちに枝が散乱している。元々は妙見神社だったらしい。	1		1								0107_01_201610	0B1lo0bTHuRacZDRZTlBVYTUyTkU	0107_02_201610	0B1lo0bTHuRacNUtyMVRTM296c28											35.676809	140.0706345
108	8	オープン！ちば	浦本	諏訪神社	千葉市花見川区長作町		撮影年月: 2016年10月 分類: ポケストップ、ポケモンGOジム x 2 分野: 神社 その他: 小高いところにある神社。見晴台があり幕張方面が見渡せる。	1		1					1			0108_01_201610	0B1lo0bTHuRacQlJwUWMyWE1NZ0k	0108_02_201610	0B1lo0bTHuRacYnFVQTd1eGhod28	0108_03_201610	0B1lo0bTHuRacYzhodkR4Qm5vVzg									35.6752751	140.0737352
109	8	オープン！ちば	浦本	坊辺田水神宮	千葉市花見川区長作町		撮影年月: 2016年10月 分野: 神社 その他: 急な石段を登ったところにある。あまりメンテナンスされていない様子。拝殿の奥に覆屋のある本殿がある。			1								0109_01_201610	0B1lo0bTHuRacVWF4TzBDbVlsa28	0109_02_201610	0B1lo0bTHuRacQWRPaGN2UzY4MlE	0109_03_201610	0B1lo0bTHuRacTEhnRjhpY3plR2c									35.67434254	140.0802476
110	1	ちばレポ	きじねこさん	愛	千葉市美浜区真砂5丁目15	"美浜区役所開設記念
美浜区役所文化事業
市民生活に愛と平和を祈念して之を作る
彫刻　千葉大学客員教授　伊藤孝
題字　千葉市長　松井旭
平成4年4月吉日
（出典　現地看板）"	分野 アート 分類 記念碑 撮影年月 2016.10				1			1				0110_01_201610	0B1lo0bTHuRacVDhTcGM5TmM4WEk													35.64007571	140.0632336
111	1	ちばレポ	きじねこさん	オオガハス	千葉市美浜区真砂5丁目15		分野 歴史 分類 アート 撮影年月 2016.10											0111_01_201610	0B1lo0bTHuRacMHM5bU5PcWhtUW8	0111_02_201610	0B1lo0bTHuRacempTZ1hQT1Y3MXM											35.64054586	140.0628829
112	1	ちばレポ	きじねこさん	木馬館	千葉市美浜区真砂5丁目15	"木馬館
渡辺晋
（出典：現地看板）"	分野 アート 分類 モニュメント 撮影年月 2016.10  美浜区役所玄関のモニュメント				1			1				0112_01_201610	0B1lo0bTHuRacYXhfUWtHYTF6UE0													35.64059297	140.0627527
113	1	ちばレポ	きじねこさん	遊びと子供	千葉市美浜区真砂5丁目15	"新学の木
堀田大貴
この作品は宝くじの普及宣伝事業として整備されたものです。
平成13年3月
千葉市
寄贈　財団法人日本宝くじ協会
（出典：現地看板）"	分野 アート 分類 絵 撮影年月 2016.10 美浜区役所の外壁。							1				0113_01_201610	0B1lo0bTHuRacek44VXJ0Q3QwcWc	0113_02_201610	0B1lo0bTHuRacQlVnLTBKTHZNbzg											35.64047345	140.0627476
114	1	ちばレポ	ケータ	時計のモニュメント	千葉市緑区小食土町		平成28年10月15日 モニュメント アート 「緑と水辺の基金」が使われた				1							0114_01_201610	0B1lo0bTHuRacUGJ3MGVoa1E2MTA													35.5193835	140.2814434
115	1	ちばレポ	きじねこさん	通町の由来	千葉市中央区中央1丁目6	"通町の由来
ここ、中央1丁目付近は、もと江戸街道（江戸海道町）といわれ、佐倉藩の荷物を登戸浦へ運びだす人馬の往来で大変賑わっていました。
町名は、通り道に由来していると思われ、近代に入ってから通町と呼ばれるようになり、交通の要衝として発展を続けてまいりました。
昭和45年、地域の人々との話し合いにより中央1丁目同2丁目と町名の変更が行われました。
平成元年3月　千葉市
（出典：現地看板）"	分類 石碑 分野 歴史 撮影年月 2016.10		1		1							0115_01_201610	0B1lo0bTHuRacOG9lbGZZd0xUQlU													35.61069715	140.1243154
116	1	ちばレポ	ケータ	浴	千葉市若葉区多部田町		2016年10月 石像 アート 千葉市平和公園内にあります							1				0116_01_201610	0B1lo0bTHuRacYXdKT01pdnRxeXc	0116_02_201610	0B1lo0bTHuRacX3VRZ1JUZ09rdnc											35.59507311	140.2031365
117	1	ちばレポ	きじねこさん	新学の木	千葉市中央区弁天3丁目7	"新学の木
堀田大貴
この作品は宝くじの普及宣伝事業として整備されたものです。
平成13年3月
千葉市
寄贈　財団法人日本宝くじ協会
（出典　現地看板）"	アート 彫刻 2016.10							1				0117_01_201610	0B1lo0bTHuRacNkF1VmJlUXpuV0k													35.6177177	140.1135766
118	1	ちばレポ	きじねこさん	中央図書館の本のオブジェ	千葉市中央区弁天3丁目7		アート オブジェ 2016.10							1				0118_01_201610	0B1lo0bTHuRacRzU3dWMyMFpjdUE													35.61808971	140.1140132
119	8	オープン！ちば	松島	旧鉄道聯隊材料廠煉瓦建築	千葉市稲毛区轟町3丁目9	"　この建造物は、明治41年（1908）に旧陸軍鉄道連隊の材料廠として建築されたもので、大正時代には千葉陸軍兵器支廠となり、戦後は大蔵省、国鉄と引き継がれ、昭和60年（1985）に千葉経済学園の所有となり現在に至る。
　主要構造部分は、東西54.4m、南北7.3mの煉瓦造で、南北側にはそれぞれ幅2.7mの下屋をつけている。構造は寄棟造の平屋建であるが、下屋をつけている側の上部には弧形の高窓があり、2階建てのような外観となっている。また、下屋には波板鉄板が葺かれている。
　内部は、列車やレールなどの修理工場として使われただけに広大な空間を持ち、煉瓦造の連続した弧形アーチが10連並んでいる。約5.4mもの長大なスパンによる連続した弧形アーチをもつ建築物は全国的にも他に例がなく、極めて特徴的な明治時代の煉瓦建築物である。
昭和63年県指定有形文化財 建造物（出典：千葉市教育委員会「市内文化財一覧」）"	撮影年月：2016年10月 分類：文化財、戦跡  分野：鉄道		1				1			1		0119_01_201610	0B1lo0bTHuRacalJ2SG1KbTVaQ1E	0119_02_201610	0B1lo0bTHuRacMlpxZjg3RmxOZEE											35.62934801	140.1097244	昭和63年	1988	県指定	有形文化財	建造物
120	8	オープン！ちば	松島	園生貝塚	千葉市稲毛区園生町		撮影年月：2016年10月 分類：歴史  分野：貝塚		1						1			0120_01_201610	0B1lo0bTHuRacNjdMVGVvcmJWQXM	0120_02_201610	0B1lo0bTHuRaceDRubXczb2NheEU	0120_03_201610	0B1lo0bTHuRacbl8tVC13QUItWlk									35.63983146	140.1117622
121	1	ちばレポ	まーさん	犢橋貝塚	千葉市花見川区さつきが丘1丁目18	"　犢橋貝塚は、東関東自動車道宮野木ジャンクション近くの、標高約26ｍの台地上に位置する馬蹄形貝塚である。台地は全体として舌状に張り出した形をしているが、貝塚は台地の先端部ではなく、張り出した付け根の部分に位置している。貝塚の規模は東西約200ｍ、南北約160ｍで、北東側と南西側の一部は貝層がとぎれている。いわゆる馬蹄形貝塚に分類されるが、この貝塚は厳密にいうと向かい合う2つの弧状の貝塚からなっている。
　東京に近いことから、明治時代から「遠足会」とよんだ遺物採集会が考古学者によって行われているが、本格的な発掘調査は昭和26年（1951）、31年（1956）、39年（1964）の3回にわたり明治大学、東京学芸大学や千葉大学によって行われ、縄文時代後期、晩期の貝塚であることが明らかとなった。
　貝層を構成する貝はハマグリを主体にアサリ、オキシジミ、キサゴなどの鹹水（かんすい）産貝類で、獣骨はシカが最も多く、サル、タヌキなども出土し、イヌの埋葬骨も発見されている。
　現在、さつきが丘団地内の緑地公園として保存され、市民のいこいの場となっている。
昭和56年国指定史跡（出典：千葉市教育委員会「市内文化財一覧」）"	撮影年月：2016年10月 分類：歴史、史跡 分野：貝塚		1						1			0121_01_201610	0B1lo0bTHuRacUmVlbjlMRmd4Zmc	0121_02_201610	0B1lo0bTHuRacTE5EV1UzSmhDMWs											35.66327198	140.0958379	昭和56年	1981	国指定	記念物	史跡
122	8	オープン！ちば	松島	長沼の駒形大仏	千葉市稲毛区長沼町	"　腹前で定印を結ぶ如来形坐像で、掌に持物を載せていた痕があります。頭部は割込型鋳造、体部は別鋳した各部を接合して造っています。像表面の刻銘により元禄16年（1703）、鋳物大工橋本伊佐衛門藤原重広の作で、大巌寺16世本蓮社然誉上人沢春大和尚が開眼導師をつとめたことが知られています。江戸時代の鋳銅製大仏として、また長文の銘文を伴う作例として県下でも有数の像です。
昭和49年市指定有形文化財　彫刻（出典：千葉市教育委員会「市内文化財一覧」）"	撮影年月：2016年10月 分類：歴史、文化財 分野：大仏		1	1								0122_01_201610	0B1lo0bTHuRacU29mZVVyaHFuU1k	0122_02_201610	0B1lo0bTHuRacSGFoZGsxRnNWTk0			0122_01_201610	0B1lo0bTHuRacU29mZVVyaHFuU1k	１						35.66561566	140.1210158	昭和49年	1974	市指定	有形文化財	彫刻
123	1	ちばレポ	まーさん	東寺山貝塚	千葉市若葉区みつわ台1丁目18	"　千葉県には500か所以上の貝塚が存在し、また規模の大きい貝塚が多数存在することやその分布の密度の高いことなどから、わが国で最も貝塚が集中する地域である。その中でも千葉市を含む東京湾の奥部沿岸には縄文時代中期から後期の大規模貝塚が特に集中し、加曽利貝塚や堀之内貝塚など学史的に著名な貝塚も多数所在する。
　東寺山貝塚は、千葉市北部の標高約28m前後の台地上に位置している。貝層は直径約130mの範囲にわたって分布しているといわれ、環状の貝塚である。本格的な発掘調査は行われていないが、縄文時代中期・後期の土器や土偶、ハマグリ・アサリ・キサゴ・マガキなどの貝類、イノシシ・ニホンジカなどの獣骨、クジラの脊椎骨などが採集されている。縄文時代にクジラの漁が行われていたかどうかはよくわかっていないが、クジラの脊椎骨が一つの遺跡から1頭分そろって出土することはほとんどなく、東京湾の浜に打ち上げられたクジラを多くのムラで分け合っていたのではないかと考えられている。また、脊椎骨は、作業をする台としても使われたようである。
　東寺山貝塚は、貝塚の中央部分が千葉県の史跡に指定され、みつわ台団地の中のみつわ台第一公園内に保存されている。
昭和54年県指定史跡（出典：千葉市教育委員会「市内文化財一覧」）"	撮影年月：2016年10月 分類：歴史、史跡 分野：貝塚		1						1			0123_01_201610	0B1lo0bTHuRacX1U1dzIyQ2lObDQ	0123_02_201610	0B1lo0bTHuRacd1ZRSDFFTUIzU3M											35.63443622	140.1320558	昭和54年	1979	県指定	記念物	史跡
124	1	ちばレポ	まーさん	荒屋敷貝塚	千葉市若葉区貝塚町	"　現在の千葉港に注ぐ都川の流域にある台地上には、縄文時代の貝塚が数多く分布している。特にその支流である葭川や坂月川流域に多くみられ、大規模な馬蹄形や環状の貝塚が密集する地域として有名である。
　荒屋敷貝塚は、約5,500年前の縄文時代中期から、約3,500年前の後期にかけてできた貝塚で、北側と南側は、都川に注ぐ小さな川があり、その小川にはさまれた標高約31mの広大な台地上に位置している。貝塚の直径は約160mで、南に向かって開口した、環状に近い馬蹄形貝塚である。ハマグリ、アサリ、キサゴ等の東京湾の干潟でみられた貝類が主体で、なかでも直径1cm以下のイボキサゴが多くみられ、また、イワシをはじめとする魚類の骨も発見され、活発な漁労が営まれていたことがわかる。
　昭和48年（1973）以降、千葉県教育委員会及び千葉県文化財センターによって3次にわたる発掘調査が行われたが、主要な部分は原状のまま保存されている。
　この台地上には、他に草刈場貝塚、台門貝塚など、荒屋敷貝塚と同じ時期の貝塚が多く所在し、「貝塚町貝塚群」とよばれている。また、これらの貝塚との相互の関連から、縄文時代の集落の形態や社会構造を解明するうえで重要な地域となっている。
昭和53年国指定史跡（出典：千葉市教育委員会「市内文化財一覧」）"	撮影年月：2016年10月 分類：歴史、史跡 分野：貝塚		1						1			0124_01_201610	0B1lo0bTHuRacZjJfcnlGVmN6aWc	0124_02_201610	0B1lo0bTHuRacSWNnRk95WmI0UEU											35.62227108	140.1449143	昭和53年	1978	国指定	記念物	史跡
125	1	ちばレポ	まーさん	加曽利貝塚	千葉市若葉区桜木8丁目33	"　千葉県の東京湾岸は、全国一の貝塚密集地帯として知られているが、なかでも加曽利貝塚は、直径約130ｍで環状の北貝塚と、長軸約170ｍで馬蹄形の南貝塚という連接した貝塚からなり、全体としては日本で最大の規模を有する貝塚である。加曽利貝塚には、今から約7,000年前から約2,500年前までの生活の痕跡があるが、巨大な貝塚は、縄文時代中頃の約5,000年前から縄文時代の終わり頃にかけての約2,000年の間に残されたものである。
　加曽利貝塚は日本の縄文時代研究にとっても重要な意味をもっており、昭和46年（1971）に国の史跡に指定された。貝塚は巨大なタイムカプセルで、食糧としたり、道具として利用した魚の骨・動物の骨・植物の残骸など、さらには葬られた人の骨が貝によって守られ、縄文時代の膨大な情報を遺している。
　現在は広大な史跡公園となっており、縄文時代のムラの様子を思わせる復元住居群や捨てられた貝殻の様子を観察できる貝層断面、さらには加曽利貝塚博物館などで縄文時代の生活に触れることができる。
昭和45年国指定史跡（出典：千葉市教育委員会「市内文化財一覧」）"	撮影年月：2016年10月 分類：歴史、史跡 分野：貝塚		1						1			0125_01_201610	0B1lo0bTHuRacbWMwZjc5dFNpT1E	0125_02_201610	0B1lo0bTHuRacMndmX1AzWTdIV2s	0125_03_201610	0B1lo0bTHuRacaUZuRTRMMVRQYk0									35.62434124	140.1630152	昭和45年	1970	国指定	記念物	史跡
126	1	ちばレポ	まーさん	旧大須賀家住宅	千葉市若葉区桜木8丁目33	"旧大須賀家住宅
もと幕張町にあった大須賀家の住宅。昭和43年千葉市に寄贈され、民族資料として保存のため、ここに移築した。
江戸時代、幕張町は天領に属し、北町奉行配下にあり、大須賀家はその代官所にあてられ、俗称「北の代官所」と呼ばれていたという。
この屋敷は、寛保～寛延年間（1741～1750）の建造と思われ、一部に近年の改造の跡がみられる。奥の間は比較的よく旧態を残し、武家風の書院造で、床の間や違棚などに、その特色がみられる。
千葉市立加曽利貝塚博物館
（出典：現地看板）"	撮影年月：2016年10月 分類：歴史、建築 分野：民俗資料									1		0126_01_201610	0B1lo0bTHuRaccVhtVVhfX1ZkTW8													35.62326202	140.1660326
127	1	ちばレポ	まーさん	縄文中期の集落	千葉市若葉区桜木2丁目20	"縄文中期の集落
1970－72年（昭和45－47）の遺跡限界確認調査の結果、かつては北貝塚の内側にだけ存在していると思われていた縄文中期の住居跡が、北貝塚から約200mも離れたこの地点から13戸も集中して発見されました。
そのうちの2戸には、その住居が使われなくなった跡に捨てられてできた貝層（小型貝塚）が発見されました。同じ時期に共存していた北貝塚（大型貝塚）とどのような関係があったのかを考えるため、その中期の一時期である加曽利EⅡ式期の集落をここに復元しました。
（出典：現地看板）"	撮影年月：2016年10月 分類：歴史、史跡、ポケストップ 分野：貝塚 その他：加曽利貝塚内の復原集落	1	1						1			0127_01_201610	0B1lo0bTHuRacV2M3X1BkNkZJRUU	0127_02_201610	0B1lo0bTHuRacdGx4Vm1vTVhEQVE	0127_03_200812	0B1lo0bTHuRacWGE5eUpTRk1UelU									35.62198001	140.1653889
128	1	ちばレポ	まーさん	貝塚の中心部	千葉市若葉区桜木2丁目20	"貝塚の中心部
南貝塚の中心には、貝も捨てず住居趾も少ない広場があり、土偶や石棒や埋葬人骨が集中して発見されています。干貝加工の共同生産では、日当りのいい干場になっていたに違いありません。
そのほか、この中央広場では、この地方からは産出しない硬い石材などと干貝とを交換する共同交易や、むらびとの結婚式、安産の祈り、死者のとむらい、先祖の霊まつりなどの共同祭祀を行う場となっていました。いわば、この地域のむらむらの集いの場であったと考えられます。
（出典：現地看板）"	撮影年月：2016年10月 分類：歴史、史跡、ポケストップ 分野：貝塚 その他：加曽利貝塚・南貝塚	1	1						1			0128_01_201610	0B1lo0bTHuRaceTJDUFYwTWJ2U28													35.62303636	140.1640773
129	8	オープン！ちば	松島	花輪貝塚	千葉市若葉区加曽利町	"　千葉県中央部は、直径100mを超える大型貝塚が多く分布し、わが国においても貝塚の集中地域といえる。花輪貝塚は、都川の北岸の標高約30mの舌状台地に立地している。貝塚の存在は古くから知られていたが、平成15年度の千葉市教育振興財団埋蔵文化財調査センターによる確認調査で全容が明らかとなった。貝塚は直径約120mの環状で、現状でも貝塚に囲まれた台地の中央がややくぼみ、縁辺部が高くなっており、環状に貝塚が形成されている状況が実際に確認できるほど遺存状態は良好である。
　貝塚の形成は縄文時代後期前半（堀之内式期）、今から約4,000年前で、他の貝塚と比べて極めて短期間に環状の貝塚が形成されたようである。貝では、イボキサゴが圧倒的に多く、次いでハマグリ、アサリ、シオフキも多く、汽水産のヤマトシジミは少ない。台地縁辺から斜面部にかけて、貝塚と同時期の竪穴住居跡が29棟確認され、中央広場を取り巻くように環状に分布している。
　花輪貝塚は、縄文時代後期前半の残存状況がきわめて良好な、大規模な環状貝塚であり、当該地域の自然環境や生業のあり方を知る上で重要である。また、貝塚の形成時期が縄文時代後期前半の極めて短い期間に限定される点も大きな特徴であり、当時の集落及び社会のあり方を知る上でも重要な遺跡である。
平成18年国指定史跡（出典：千葉市教育委員会「市内文化財一覧」）"	撮影年月：2016年10月 分類：歴史、史跡 分野：貝塚		1						1			0129_01_201610	0B1lo0bTHuRacVW53MXI1Tm90U2M	0129_02_201610	0B1lo0bTHuRaccDJsRFlXTzE2R1k											35.6147029	140.1602029	平成18年	2006	国指定	記念物	史跡
130	1	ちばレポ	まーさん	月之木貝塚	千葉市中央区仁戸名町	"　月ノ木貝塚は、千葉市の中心部を流れる都川の支流に面した標高約25mの台地上にある。東西150m、南北200mの範囲に貝層が分布する馬蹄形貝塚である。昭和26年（1951）に、千葉市史編さんのために貝塚全体の地形測量と、貝塚の北東部分で約10平方メートルの発掘調査が行われている。
　その当時は北側に開く馬蹄形の貝塚と考えられていたが、平成3年（1991）に千葉市教育委員会によって行われた貝層分布調査で、東側に開く馬蹄形貝塚であることが判明した。月ノ木貝塚の貝層の厚さは1.2～1.5mであるが、中央の広場状の凹地に向かって次第に薄くなり、中央凹地部分には貝や遺物は散布していない。
　昭和26年の発掘調査では、約4,500年前の縄文時代中期の竪穴住居跡が4軒検出され、加曽利E式とよばれる土器とともに、打製石斧や磨製石斧、耳飾りなどが出土している。貝類はハマグリ、キサゴ、アサリ、シオフキなどの内湾の浅い海の砂泥にすむ貝で、同時に鳥、魚、獣の骨やクジラの脊椎骨も出土している。ハマグリはほとんどが小型で、大きなハマグリは取りつくされ、小さいハマグリしか採取できなくなっていたことを物語っている。
昭和52年国指定史跡（出典：千葉市教育委員会「市内文化財一覧」）"	撮影年月：2016年10月 分類：歴史、史跡 分野：貝塚 その他：台地上の貝層部には、地表にイボキサゴなどが散乱しています		1						1			0130_01_201610	0B1lo0bTHuRaca1FfUlpBNC1iNk0	0130_03_201610	0B1lo0bTHuRacSGFQemw4U1BZOWs											35.59503341	140.1570566	昭和52年	1977	国指定	記念物	史跡
131	1	ちばレポ	まーさん	七天王塚	千葉市中央区亥鼻3丁目6	"　千葉大学医学部の敷地内に5基、病院坂の通り沿いに2基合計7基の小塚には、牛頭天王が祀られていることから七天王塚と呼ばれています。ちょうど猪鼻城の辰巳の位置にあたることから、築城に際し、妙見信仰に関係の深い北斗七星を形どって塚を配置し、魔よけとしたものと考えられています。
昭和34年市指定史跡（出典：千葉市教育委員会「市内文化財一覧」）

千葉市文化財　七天王塚
千葉大学医学部構内に散在する七つの古塚は「七天王塚」または「七つ塚」と呼ばれ、古くから疫病・災害を除く神として崇められています。塚の上の古碑に刻まれている「牛頭天王（ごずてんのう）」は千葉氏の守護神の一つで、千学集抄には「千葉の守護神は曽場鷹大明神、堀内牛頭天王云々……」と記されています。このことから千葉氏は、猪鼻城の大手口に崇敬する北斗七星の形に七つの塚を配置して牛頭天王を祀り、一族の繁栄を祈ったものと考えられています。また一説には、この七天王塚は千葉氏の七人の兄弟を葬った墓であるとか、平の将門の「七騎武者」の墓とも伝えられていますが定かではありません。
（出典：現地看板）"	撮影年月：2016年10月 分類：歴史、史跡 分野：塚		1						1			0131_01_201610	0B1lo0bTHuRaceEdLRER3cTR2M1k	0131_02_201610	0B1lo0bTHuRacYlJ5Z3cxOTZsSnc											35.6022567	140.1335484	昭和34年	1959	市指定	記念物	史跡
132	1	ちばレポ	まーさん	七天王塚	千葉市中央区亥鼻1丁目8	"　千葉大学医学部の敷地内に5基、病院坂の通り沿いに2基合計7基の小塚には、牛頭天王が祀られていることから七天王塚と呼ばれています。ちょうど猪鼻城の辰巳の位置にあたることから、築城に際し、妙見信仰に関係の深い北斗七星を形どって塚を配置し、魔よけとしたものと考えられています。
昭和34年市指定史跡（出典：千葉市教育委員会「市内文化財一覧」）

千葉市指定史跡　七天王塚
昭和35年3月指定
医学部構内外に散在するこの七つの古塚は「七天王塚」「七つ塚」と呼ばれ、疫病災害を除く神として崇めらてている。
猪鼻城の大手口に北斗七星の形に配置してあり七つの塚の一つである。
千葉市教育委員会
（出典：現地看板）"	撮影年月：2016年10月  分類：歴史、史跡  分野：塚		1						1			0132_01_201610	0B1lo0bTHuRacR2ZMandwZEdGV1U													35.60238264	140.1337777	昭和34年	1959	市指定	記念物	史跡
133	1	ちばレポ	まーさん	七天王塚	千葉市中央区亥鼻3丁目6	"　千葉大学医学部の敷地内に5基、病院坂の通り沿いに2基合計7基の小塚には、牛頭天王が祀られていることから七天王塚と呼ばれています。ちょうど猪鼻城の辰巳の位置にあたることから、築城に際し、妙見信仰に関係の深い北斗七星を形どって塚を配置し、魔よけとしたものと考えられています。
昭和34年市指定史跡（出典：千葉市教育委員会「市内文化財一覧」）

猪鼻城または千葉城ともいわれる千葉氏の居城があった猪鼻山は、北は都川、西は断崖に面した天険の要害の地で、その大手口にあたる現在の千葉大学医学部構内外には、千葉氏が一族の繁栄を願って作ったといわれる「七天王塚」が残されています。
七つの塚には千葉氏の守護神である牛頭天王（ごずてんのう）が祀られ、これらは千葉氏の崇拝する北斗七星の形に配置されているといわれています。また一説には、この七天王塚は千葉氏の七人の兄弟を葬った墓であるとか、平将門の「七騎武者」の墓とも伝えられています。
（出典：現地看板）"	撮影年月：2016年10月  分類：歴史、史跡  分野：塚		1						1			0133_01_201610	0B1lo0bTHuRacUjl1bDJLYTNaUjQ													35.60263616	140.1327277	昭和34年	1959	市指定	記念物	史跡
134	1	ちばレポ	かおりん	はなちゃんトピアリー	千葉市美浜区高浜7丁目2		分類:モニュメント 分野:トピアリー その他:花の美術館のシンボルです				1							0134_01_201610	0B1lo0bTHuRacb3ZHUXdoLVZZazQ	0134_02_201610	0B1lo0bTHuRacSmlIMkFiMnNRNzQ											35.61856147	140.0642982
135	1	ちばレポ	かおりん	花時計	千葉市美浜区高浜7丁目2		分類:モニュメント 分野:時計 その他:稲毛海浜公園内のシンボル 季節ごとにいろんな花で飾られる時計です				1							0135_01_201610	0B1lo0bTHuRacUDVmYUNrUkRIMm8	0135_02_201610	0B1lo0bTHuRacZUdNbEk5eE15Y0k	0135_03_201610	0B1lo0bTHuRacOEhBT1pSUkRTYTA									35.61825186	140.0644805
136	8	オープン！ちば	松島	幕張稲毛シーサイドランニングコース	千葉市美浜区打瀬3丁目	"千葉市の特色のひとつである豊かな自然と水辺を活かしたランニングコース。心地よい潮風を感じながら、東京湾越しの富士山や幕張新都心の景観を望むことができる快適なコースです。全長は13km。
美浜区豊砂（花見川第2終末処理場前）～海浜大通り～美浜大橋～検見川の浜～稲毛海浜公園（折り返し地点）片道6.5kmとなっています。
（参照：千葉市ホームページ http://www.city.chiba.jp/shimin/seikatsubunka/sports/makuhari-inagerunning.html ）"									1			0136_01_201502	0B1lo0bTHuRacd3l5Y3M0MmtrQnc					0136_01_201502	0B1lo0bTHuRacd3l5Y3M0MmtrQnc				1			35.633201	140.042899
137	8	オープン！ちば	松島	千葉市動物公園											1			0137_01_201603	0B1lo0bTHuRacX0lmbzVFX3ROZGM	0137_02_201603	0B1lo0bTHuRacV2FKd0otcnczdEE	0137_03_201603	0B1lo0bTHuRacWFlGVHFQU2QzbDg									35.64467	140.1259
138	8	オープン！ちば	松島	千葉公園の大賀ハス					1						1			0138_01_201506	0B1lo0bTHuRacQjdKclpYdjNIbTA	0138_02_201506	0B1lo0bTHuRaccFJsaWc1LU5EYm8	0138_03_201506	0B1lo0bTHuRacSjg0RnNMV3JFNTA									35.618554	140.116857
139	8	オープン！ちば	松島	千葉公園綿打池の桜											1			0139_01_201504	0B1lo0bTHuRacMThWdDZ4NGVpSmc	0139_02_201504	0B1lo0bTHuRaca053NGN4SjVFS2s	0139_03_201504	0B1lo0bTHuRacMll6QmVxVnpyc1k									35.617485	140.117415
140	8	オープン！ちば	松島	花島公園の桜											1			0140_01_201503	0B1lo0bTHuRacNnNnZlFvYTRXOGs	0140_02_201503	0B1lo0bTHuRacN2F1WXNITG9CMWM											35.684153	140.09931
141	8	オープン！ちば	松島	いなげの浜の海水浴											1			0141_01_201508	0B1lo0bTHuRacVFF2MzNfb0Z3Uk0	0141_02_201508	0B1lo0bTHuRacUDlJSG9ic19hR2M											35.615006	140.064044
142	8	オープン！ちば	松島	千葉寺		"市内最古の寺院で、縁起では元明天皇の和銅2年（709）の建立と伝えられています。昭和5年から27年までの間に5回の発掘調査が行われ、奈良時代末期に4間×4間の瓦葺きの金堂が存在したことがわかっています。また旧寺域も70間（126m）四方との推定もされました。出土品には軒丸瓦、経筒、合子、和鏡など貴重なものが数多くあります。
境内の県指定天然記念物の公孫樹や「布施丹後君遺徳之碑」などの文化財が散在しています。
昭和34年市指定史跡（出典：千葉市教育委員会「市内文化財一覧」）"				1					1			0142_01_201512	0B1lo0bTHuRacRVNQTVBfVFduMFE	0142_02_201512	0B1lo0bTHuRacbk80dnVmSFhaU3M	0142_03_201512	0B1lo0bTHuRacenQ2QnVhTFVMSFE									35.59483	140.1318	昭和34年	1959	市指定	記念物	史跡
143	8	オープン！ちば	松島	千葉寺の大公孫樹		"千葉寺は、一般に「ちばでら」と呼ばれるが、正式には「せんようじ」という。奈良時代の僧行基の開創と伝えられる。境内からは奈良時代の特徴を示す瓦も出土しており、創建は奈良時代にさかのぼる寺院であることは間違いない。
指定されたイチョウは、境内中央の本堂手前にある。主幹は落雷や戦時中の火災によって焼失したが、現在でも樹勢は旺盛で、高さは約27m、幹周約10mに達する。イチョウは雌雄がある樹木で、このイチョウは雄株である。根元は太い根が四方にはり、下方の太い枝からは気根とか乳柱と呼ばれる根がたくさん垂れ下がってる。樹齢は不明で、寺伝によると和銅2年（709）に僧行基が千葉寺を開基した当時の植栽と云われている。
イチョウの仲間は、2億5千年以上前に世界中に繁茂していたが、その後訪れた氷河期により、他の仲間は絶滅し、原生のイチョウのみが生き残ったとされる。日本には野生種はなく、日本のイチョウは中国から渡来したものとその子孫である。
昭和10年県指定天然記念物（出典：千葉市教育委員会「市内文化財一覧」）
"									1			0143_01_201512	0B1lo0bTHuRacY2l6eUpmM2MwdVU													35.59483	140.1318	昭和10年	1935	県指定	記念物	天然記念物
144	8	オープン！ちば	松島	寒川神社						1								0144_01_201512	0B1lo0bTHuRaceGVVVkMtdThrYms	0144_02_201512	0B1lo0bTHuRacd1JwSUZjbEF4ekU	0144_03_201512	0B1lo0bTHuRacOHF0ZTIyRXJKZ3M									35.59724	140.120108
145	8	オープン！ちば	松島	白幡神社・結城稲荷神社						1								0145_01_201512	0B1lo0bTHuRacbXdFRm1ybjU1eVk	0145_02_201512	0B1lo0bTHuRacYUY3emdCWFJUZms											35.603525	140.113703
146	8	オープン！ちば	松島	千葉市郷土博物館（千葉城）	千葉市中央区亥鼻	"＜猪鼻城跡＞
千葉常胤が大椎城より猪鼻の台に居館を移したのは大治元年（1126）のことでした。以後、千葉胤直が原胤房に亡ぼされるまで13代330年の間、この猪鼻城を中心に、中世千葉の城下は東国屈指の都市として繁栄しました。現在郷土博物館のある周辺には、当時の遺構が残されています。
昭和34年市指定史跡（出典：千葉市教育委員会「市内文化財一覧」）"			1						1			0146_01_201601	0B1lo0bTHuRacQ3VGWFl0amFIckE	0146_02_201601	0B1lo0bTHuRacWEkySFIwZ0o1Mzg	0146_03_201601	0B1lo0bTHuRacRjgzbFNZUnhrN2M									35.60454	140.1273	昭和34年	1959	市指定	記念物	史跡
147	8	オープン！ちば	松島	千葉神社	千葉市中央区院内	"社伝によると千葉常重が、大椎城より猪鼻城に居館を移したときに、先祖より伝わる妙見尊をこの地に運び妙見社を建立しました。その際別当寺を北斗山金剛授寺と称し、千葉氏の守護神を安置しました。明治時代の神仏分離令により寺を廃して天御中主命を祀る千葉神社となりました。毎年8月に行われるだらだら祭は、千葉の風物詩となっています。
昭和34年市指定史跡（出典：千葉市教育委員会「市内文化財一覧」）"				1						1		0147_01_201601	0B1lo0bTHuRacTS1KUG1pTmpVWFU	0147_02_201601	0B1lo0bTHuRacR3BaZnVleWg4cTQ	0147_03_201601	0B1lo0bTHuRacQnlkLWxKenM2OVk									35.59483	140.1318	昭和34年	1959	市指定	記念物	史跡
148	8	オープン！ちば	松島	千葉ポートパーク・丘からの夕景											1			0148_01_201601	0B1lo0bTHuRacRkJOY0gwSjJNQUk	0148_02_201601	0B1lo0bTHuRacWGNzVlkzMl93bWs											35.598186	140.099498
149	8	オープン！ちば	松島	千葉ポートパーク・ビーチの夕景											1			0149_01_201601	0B1lo0bTHuRacZjNESmxhc1FibEE	0149_02_201601	0B1lo0bTHuRacajNvQVFsb3F6b0E											35.599722	140.097223
150	8	オープン！ちば	松島	栄福寺の枝垂桜		"栄福寺は千葉氏ゆかりの寺院である。中世に房総各地に威勢を誇っていた千葉氏は、妙見菩薩を篤く信仰していた。県内には、その崇敬ぶりをうかがわせる妙見菩薩像がいくつか残されているが、栄福寺が所蔵している「紙本著色千葉妙見大縁起絵巻」は、絵巻ではこれが唯一の資料である。
この絵巻は、千葉氏一族が守護神とした妙見菩薩との出会いから、幾多の戦いに妙見の霊験で勝利したこと、そして千葉氏の居城内への遷座といった、妙見に対する信仰の由来を、余白を多く用いて人物や建物を淡泊に表現する画法の絵と詞書で記述した、全4巻の総長約32mにおよぶ大作である。
絵巻の奥書から、享禄元年（1528）に本庄伊豆守胤村が詞書を作らせ、その後天文19年（1550）に詞書と絵を合せて上・下二巻の絵巻として作り直し、延宝6年（1678）板倉筑後守重直が補修をおこなっていることや、詞書はそれまでのものを用いて、絵は狩野探幽の門弟片山三清守長に描かせたものであることなどがわかる。
平成5年県指定有形文化財・絵画（出典：千葉市教育委員会「市内文化財一覧」）
"				1					1			0150_01_201603	0B1lo0bTHuRacWXdqNTJhMUdEVEE	0150_02_201603	0B1lo0bTHuRacU3l3M3dHZktsWUU											35.594653	140.170984
151	8	オープン！ちば	松島	旧検見川無線送信所					1				1			1		0151_01_201009	0B1lo0bTHuRacMDNNOTZvS0lIQTQ													35.646188	140.074237
152
153
154
155
156																																						
